miRNA,10.10.Plume,11K2,12K1,12K2,12K3,16.11.K1,16.11.K2,18K1,20K1,20K2,22.11.K2,22.11.K3,23.11.K1,23K1,24K1,25K1,26K1,27K2,27K3,27K5,27K7,2K1,2K4,31K4,KGKONTR16,KGKONTR17,KGKONTR23,KGKONTR39,KGKONTR42,KG07,KG10,KG11,KG12,KG13,KG14,KG15,KG16,KG17,KG18,KG19,KG20,KG21,KG22,KG23,KG24,KG25,KG26,KG27,KG30,KG31,KG32,KG34,KG35,KG36,KG37,KG38,KG39,KG40,KG41,KG42,KG43,KG44,KG45,KG47,KG48,KG49,KG50,KG51,KG52,KG53,KG54,KG55,KG57,KG58,KG59,KG60,KG61,KG62,KG63,KG64,KG65,KG66,KG67,KG68,KG69,KG70,KG71,KG72,KG73,KG74,KG75,KG76,KG77,KG78,KG79,KG80,KG81,KG83,KG84,KG85,KG86,KG87,KG89,KG91,KG92,KG93,KG94,KG95,KG96,KP0261,KP0271,KP0281,KP0321,KP0331,KP0361,KP0371,KP0381,KP0391,KP0411,KP052,KP053,KP054,KP055,KP056,KP057,KP058,KP060,KP061,KP062,KP063,KP064,KP065,KP066,KP074,KP075,KP076,KP079
hsa-let-7a-3p,25,0,0,0,37,21,0,0,0,26,0,0,1,0,0,0,0,0,0,0,0,28,0,0,17,120,0,132,120,0,0,59,178,515,42,147,0,0,132,33,0,0,0,59,0,569,0,0,0,0,24,0,0,114,178,0,42,55,42,196,0,0,24,42,45,0,0,42,0,27,0,0,22,0,0,0,0,0,57,0,27,0,168,169,0,52,115,5,547,59,43,50,87,75,0,26,0,120,24,0,64,0,41,0,0,41,0,0,0,0,0,69,0,147,0,91,0,60,0,0,0,0,16,0,0,0,0,0,0,0,0,0,0,64,0,0,0
hsa-let-7a-5p,750115.6667,108944,922229.3333,532788.3333,204894.6667,3376649.667,433572,462213,33235.16667,891813.6667,104158.3333,780528,762867.3333,295074.3333,190396.3333,144404,837153,557859.6667,899592,550480,446473,227898,326270,950295,56466,34654.33333,23930.66667,38175.66667,13532.33333,4008,5415.333333,122201.6667,202406.3333,445071.3333,179347.3333,192196,105579.3333,161342.6667,137476.3333,117319.6667,129689.3333,70468.33333,117145.3333,208382.6667,141046,329578.6667,33473.66667,6136,10261.33333,4409,19345.66667,10004,25958.33333,34859,70950.66667,42807,58627.33333,29041.66667,24825,88982.66667,13019,25362.33333,20329,46334.66667,37872.66667,14646,10366,28792.66667,6948,29704.66667,6816.333333,4498,19776,21041.33333,18270.66667,22258,5988,19209.66667,45359.33333,10762,35493.33333,16850,82224.66667,30438,28069.33333,74296,32288.66667,10412.33333,85801.66667,27262.33333,39914.66667,97780.33333,17904.66667,51566,17098.66667,49084,34245,26191,17937,24494.66667,37163.33333,61820.66667,39574,30568,34758,54947.33333,16908,32918,97799,7413,2625,38136.33333,3051,72694.33333,20290,107968.3333,6683,9628.666667,2824.666667,2053,2779,5414,1850,2188.666667,2696,2365,2598,1844,2344.333333,4894.333333,5614,7577.333333,4086,48227,15553.66667,56250.66667,6753.666667
hsa-let-7b-3p,0,0,0,40,22,45,19,90,0,10,0,0,42,0,37,14,115,0,39,5,12,0,12,0,261,248,0,136,16,0,212,455,295,1720,886,963,329,564,192,380,340,1,1,181,368,792,100,0,0,0,0,0,588,196,724,399,327,323,97,173,124,145,319,174,18,83,56,27,1,388,5,0,0,29,0,91,79,0,22,45,118,272,189,139,147,671,451,110,533,168,1061,988,346,483,26,573,0,104,61,1,70,48,78,126,64,98,25,15,63,1,63,152,0,304,48,853,18,0,93,25,60,87,35,84,0,0,19,0,0,88,0,70,0,297,29,318,0
hsa-let-7b-5p,1571214,442489,1799216,1613256,577456,3595317,1021109,1377458,143732,1773618,184141,1887518,1798231,709097,583045,273066,1744834,1541144,2031599,1343686,1019685,573507,904209,1828201,65244,30182,17241,39992,6708,3407,5995,129398,216156,460023,193333,237867,81337,193000,140870,138880,165485,90076,127090,197991,142543,359823,62845,2373,4166,1523,18726,9364,22483,18301,50740,47292,55519,23181,18012,50917,12775,16856,22675,51487,34671,15059,8746,11855,4029,32885,3419,5077,18768,17746,15581,16847,5204,14591,33974,9387,48547,17549,89721,29440,24838,79399,39907,7061,37830,32992,44376,105250,20266,38195,19106,51223,43593,27408,22775,33972,47006,75024,43622,36812,42530,49028,15437,30133,152741,3204,699,56869,1832,87879,20608,139671,1522,3644,1022,792,1777,2394,516,884,442,615,1548,899,890,2859,5623,3317,2076,94786,20034,58953,3002
hsa-let-7c-5p,15745,4102,42022,20892,8087,67341,11461,11256,2332.5,21144,4419,20087,33488,12862,10343,3409,16089,34242,21373,21027,15064,6499,9795,15409,343,254,474,646,136,82,10,1483,3629,4228,3208,2384,596,1614,3316,1419,1716,1330,1727,2838,1232,4759,3604,485,770,794,816,521,1195,779,711,445,661,765,655,1288,314,221,486,936,753,277,140,1071,122,748,157,7,224,229,386,360,69,635,389,164,619,113,1382,756,130,2056,1057,333,974,287,925,5386,1853,695,553,1538,583,282,503,678,478,953,580,1290,591,618,1375,448,5122,344,446,525,24,652,584,1716,211,687,1110,47,67,880,137,70,169,1,28,220,118,326,297,145,515,543,612,810,116
hsa-let-7d-3p,181,84,179,381,325,772,203,403,0,566,46,375,303,196,123,56,318,146,383,332,234,97,159,296,7947,5692,2236,6816,1164,1018,523,8940,13206,25997,12526,20100,8119,19573,11189,12553,13567,6358,6956,10779,9293,18893,2074,1591,2611,220,1613,1014,6693,4474,13645,9517,11845,5692,4451,6470,1870,3011,3493,6350,3668,2745,978,3285,1312,7186,678,904,2427,2648,2503,2263,1112,1864,4501,1657,4454,3364,24916,7920,7043,18395,9034,2214,14518,6751,7437,23421,4407,12254,3434,10755,3385,3246,2285,2136,2423,4395,2237,1912,2560,4065,1652,2774,9916,1013,265,5940,93,9869,2172,18797,191,789,240,279,917,1407,104,317,623,397,432,87,157,1999,1172,1627,1013,6173,2567,6830,1062
hsa-let-7d-5p,83132,12998,74828,55480,29969,405083,35751,80121,3762,95977,14263,78566,100983,28527,16220,21695,121589,56482,76541,68320,37937,20496,32231,88893,4077,2469,1353,2057,1157,8,338,6399,11835,26122,7997,8378,3896,5194,6253,5785,3768,3560,3084,8698,5800,19924,2574,83,893,3,709,72,1183,1401,3806,1586,3753,1536,1075,5164,822,1453,1518,3116,1294,827,530,1497,427,736,462,70,765,1101,1191,1231,320,960,3157,432,1675,734,4520,1482,2202,3672,1595,532,5961,1861,2558,4023,1195,2572,1266,3140,2355,1503,1479,2264,1906,2171,2002,1747,1890,3147,791,1971,5018,204,2,2172,35,3167,1143,6382,17,362,2,17,78,5,49,70,90,47,1,70,99,133,170,372,216,2512,442,3590,271
hsa-let-7e-5p,6458,682,10416,4732,2049,32419,5722,3682,432.5,6682,808,7537,5940,3954,1976,816,5997,4180,5272,4610,4835,2612,1760,5028,508,637,184,383,154,3,1,442,851,1292,461,1355,969,893,1193,362,860,514,108,1063,226,1019,890,437,7,277,192,59,911,724,1205,379,1294,446,251,794,113,348,311,443,734,96,285,540,16,419,67,74,131,151,42,269,191,200,797,61,248,486,899,279,322,1712,439,107,968,184,486,1112,25,426,75,643,219,194,145,210,491,424,101,452,204,252,196,286,779,303,232,402,88,518,215,1984,531,216,176,11,48,66,151,0,39,103,51,1,89,107,107,247,113,373,78,489,104
hsa-let-7f-5p,260492.5,30464.5,326094,147156.5,67005.5,1702152,127457.5,200642,8913.5,295712,29604.5,230912.5,293853,94789.5,50731,59976.5,319103,154371,264404,143668.5,123831,62652,91304.5,339559.5,36958,21139,17050,30529,10494.5,1112,4720.5,52044.5,107802,258281.5,95255,92212.5,74191,90324,70919,51138,58824.5,37337,65881,111956,75673,190972.5,16234.5,3058.5,4161,1232,12224,6147,13538,20990,40349.5,27898,37418,14452,14249,63259.5,7827,15713.5,12488,26979,23039.5,9257,7994,18810,5689,18725,4601,2165,13578.5,10969,13096.5,14554,3177,11538,28600.5,8120.5,19926,10204,49026,15900,18911,48261.5,18964,6895,60114.5,19734,26188,60523,15234.5,34677,13935,29889,20803,14223,9408,18773,25222.5,38838.5,27434,19231,20679,38581,10340,23310,54856,3762,1896,20622.5,1421,42234,12136,74843,3165,2248,2180,1383,1551,3505,953,1696,1229,706,1574,928,1444,2830,2287,3937,2037,28803,8876,31469,5442
hsa-let-7g-5p,462083,66378,465855,247497,92192,2357696,180246,523817,19381.5,635134,63373,463396,574529,178536,102786,117534,645894,419884,502037,266067,247061,110160,208053,513480,26226,18033,10663,24846,10892,586,2573,48436,110345,253374,87494,93616,65723,86455,65652,56664,51519,35023,59726,93732,71391,164774,27421,940,1969,142,5490,2776,9704,10508,24122,23894,23947,13759,8074,36108,6073,7086,10016,19764,16997,8160,3799,8170,2610,14108,2110,1551,7087,7486,7182,10616,2199,7927,18970,4675,16106,10266,52127,9435,14715,42590,20316,3866,52662,13968,23626,51877,10196,34666,10792,42783,20933,12535,8797,17090,26961,32146,26374,18933,18005,30178,7541,15687,46197,1258,281,26380,617,39757,9892,68569,1495,1238,470,419,858,1365,378,568,1144,710,479,437,771,1477,1397,2817,522,33469,7164,29339,2633
hsa-let-7i-5p,318107,57974,224625,225604,114522,1716216,189368,258953,23191.5,499906,71155,331549,269243,137033,99922,72120,350845,242311,225538,199014,182480,101399,158935,272907,32174,16732,7999,28390,9749,2344,1331,33861,70490,146032,63485,50672,39158,52447,42881,39725,34663,19632,30174,59370,56833,111133,17979,2632,2367,1,8097,7205,9513,11174,27050,26114,27019,16866,12233,38650,7008,12544,12386,24996,15708,6767,5578,11735,4106,12456,2784,1049,10755,9837,9612,13523,3733,9572,20335,6251,18312,9167,55291,15031,22282,53099,20989,3404,26803,17593,24543,48135,10503,34120,9076,24336,19238,13799,7528,13711,19391,31640,17034,16828,15548,24980,5852,19140,53912,1588,88,17856,707,31987,9728,56689,749,1909,856,382,1871,2018,656,358,692,286,738,108,494,2395,1528,1952,1199,26843,6394,24153,2616
hsa-miR-1-3p,108,77,478,146,186,1507,171,140,49.5,1180.5,25,958,37782,447.5,71,126,920,383,458.5,743,125.5,67,152,980.5,5,5,85,7,1,0,1,4,169,8,324.5,4,2,9,9,9,0,3,0,13,280,1322,1,0,0,0,8,7,12,7,52,1,49,1,0,107,1,11,1,28,68,8,0,0,0,0,0,0,1,3,3,1,0,0,2,4,5,96,3,1,67,2,64,5,56,1,1,11,3,12,4,10,34,6,0,3,1,7,2,7.5,39.5,3,41,1,21,0,0,2,0,4,6,12,0,4,0,0,0,0,0,0,0,0,0,0,0,0,0,0,2,14,2,1,100
hsa-miR-100-5p,120,0,19,24,41,808,1,238,6,75,27,35,149,120,22,20,43,106,20,32,33,0,90,85,550,156,244,159,78,0,0,804,849,1508,465,1185,184,229,205,461,480,203,253,860,351,1810,684,0,1,329,226,100,697,340,151,601,266,475,297,486,213,263,44,522,418,166,52,122,64,130,15,0,162,108,134,181,52,100,95,94,283,13,886,212,400,571,1770,77,719,70,329,1581,239,445,388,1521,246,677,268,236,276,200,319,0,106,132,233,174,710,126,0,299,0,630,126,795,203,1,27,0,44,49,41,32,0,88,69,0,21,33,168,206,288,211,57,380,147
hsa-miR-101-3p,1219.5,37,554,639.5,408,5174,265,1190,166.5,1350.5,428,516,778.5,302,89,291,1345,1377,605,759,219,168,232,701,4550,5731.5,656,9576.5,1716,141.5,563,3618.5,9675.5,17109.5,13342,6447.5,6986,7211.5,6458,6227,4506,3864,5044,6761,4960,12326.5,955,0,1,0,1009,579,2909,2107,5614,6371.5,6485.5,3296,2105,6870,1391,1972.5,3061,4154.5,2559.5,2276,969,1082,401,2312,478.5,162,1998,1757.5,1536,1258,288,1336,3615.5,1368.5,3054.5,2746.5,17452,3498.5,5591.5,9672,5524.5,2096.5,4949.5,4054,7629.5,15682.5,3416,8669.5,3280.5,7444.5,4478,3126,1553,2491,3082,3587,1955,2381,1926,2960.5,867,3184,8265,770,0,3766,0,6951.5,2213,9704.5,49,88,0,65,143,113,69,39,289.5,103,256,65,62,294,22,520,326,4913,1666,5056,5
hsa-miR-10399-5p,0,0,64,21,27,89,42,44,0,18,0,0,16,9,0,0,140,37,0,27,0,0,37,38,0,22,0,0,23,0,0,48,0,0,0,0,0,0,0,0,0,0,0,0,0,0,0,0,0,0,18,0,21,0,0,0,0,0,0,0,0,0,0,0,0,0,0,0,0,0,0,0,0,0,0,0,0,0,0,0,0,0,0,0,0,0,0,0,0,0,48,0,0,113,0,0,0,0,0,0,0,0,22,0,0,0,0,0,0,0,0,0,0,0,0,0,0,0,0,0,0,0,0,0,0,0,0,0,25,0,0,0,0,0,0,0,0
hsa-miR-103a-3p,46589,4161,26162,29527,10614,273598.5,13406,48173,3497.75,55173,12879,28411,41040,9575,6239,17914,67557,31199,34435,38941,19006,9706,16596,37594,3196,3871,1599,2916,1896,465,4,8975,8988,39178,8820,9315,5662,8806,8737,6986,4372,3096,6244,8310,4882,16778,3000,571,629,176,733,443,1323,1840,3165,3229,3827,1753,2371,6610,1526,1798,1837,4136,1901,1068,647,1581,1139,2180.5,417,0,1103,968,1581,2405,638,1223,2718.5,852,2859,1685,5137,1491,1875,4655,4096,412,5957,2441,2656,6452,2481,5748,795,3211,2946,1915,1249,2328.5,3194,3807,2923,2433,2269,3313,969,2264,5764.5,261,72,1767,36,3618,955,6232.5,349,905,119,51,502,586,105,225,184,145,165,89,260,755,318,346.5,831,2469,931,3001,122
hsa-miR-10527-5p,9,0,60,43,15,174,33,58,0,98,0,83,120,28,30,19,89,103,24,15,26,0,0,101,168,108,63,43,1,0,0,0,284,395,0,174,0,188,4,0,299,15,34,75,0,0,251,0,0,0,0,0,32,26,20,0,137,0,23,114,20,30,50,0,56,37,44,35,0,38,0,0,0,11,0,0,0,41,1,0,0,80,0,0,40,0,53,58,135,0,0,0,50,173,16,24,80,0,0,0,0,63,35,46,0,0,0,72,0,0,0,0,0,77,0,118,0,0,0,0,0,0,0,0,0,0,0,0,0,0,28,0,0,78,0,0,0
hsa-miR-106b-3p,88,0,41,10,0,397,16,356,0,118,0,7,77,0,31,99,218,137,89,0,47,36,0,104,1481,1102,374,1530,327,0,211,2252,2722,7534,1716,2572,4017,1224,1587,2183,1576,480,1630,1401,1586,5016,1599,0,0,0,125,0,538,212,726,711,1150,693,509,1897,781,333,973,1079,1082,362,151,78,165,470,21,69,707,544,443,390,106,244,933,307,826,264,2742,530,1188,1860,1646,258,1217,1213,1496,3745,812,3326,620,1033,896,522,41,597,780,1225,926,533,617,1230,188,430,2212,88,0,1062,0,1452,508,3808,0,0,0,0,0,0,0,0,0,0,0,0,0,70,0,0,115,1133,473,429,89
hsa-miR-106b-5p,593,129,314,255,58,5168,216,1212,102.5,780,191,437,825,185,38,304,1713,649,318,563,351,70,153,852,365,711,195,785,100,0,132,407,1858,4690,337,1282,402,1329,849,1398,55,642,752,1651,721,2900,391,0,0,0,117,275,265,74,109,686,564,456,343,599,274,72,138,706,306,109,250,102,61,385,0,0,91,174,75,117,115,156,515,64,420,287,1623,176,221,330,586,218,710,276,539,1332,681,779,222,684,566,287,194,390,734,385,324,521,283,322,0,463,839,0,0,325,0,396,24,943,0,0,66,0,60,0,0,0,0,35,0,0,0,62,0,0,0,752,263,469,0
hsa-miR-107,38605,3031,16172,25434,9056,160146,10841,29443,2773.5,42930,11371,21275,24135,6793,5078,12591,48266,26205,24787,35254,14223,7978,13580,28853,1364,2161,664,1551,1184,402,0,3720,4197,13017,3482,3097,1651,2585,2209,2874,2577,1692,3385,3335,1325,6056,1943,441,433,0,180,443,691,1230,1816,2364,1549,1042,1494,2291,324,1183,1105,2382,1085,731,395,674,929,1211,383,0,713,523,807,1699,383,620,1658,402,2007,872,2714,656,961,2144,2444,110,669,969,1412,3640,1442,1883,224,1722,1851,1241,824,1236,1635,1591,1648,1271,1159,1441,269,1741,3188,3,0,713,0,2266,496,1936,179,202,0,34,480,548,105,118,184,145,119,15,171,584,104,2,568,1217,716,1550,122
hsa-miR-10a-5p,2169,259,4283,2121,1668,12710,2719,2846,251,3492,989,1735,5982,2723,912,509,3138,2483,2262,3354,2579,1450,1093,4534,4913,3280,3023,3529,1485,979,275,3424,8200,12771,7067,8496,3048,4978,6486,7116,8940,1876,4826,2868,2763,7807,1590,1929,3291,915,2091,717,10841,3989,3652,3325,3683,3474,2874,4953,994,2346,1332,2588,3495,2107,1659,1745,899,4956,605,303,1066,1213,1828,1632,774,1278,2954,1208,1703,2250,9997,2119,2964,7718,4575,1969,7882,1472,4017,9952,3027,6195,3146,7512,2027,2814,1502,1511,2850,1869,2422,3477,1870,2615,3232,2508,3147,1807,512,1871,941,5033,1754,11670,2804,2357,636,923,661,1560,484,648,748,657,462,451,708,1816,2016,1910,1902,1375,1852,4728,1425
hsa-miR-10b-5p,880,129,2228,1400,1427,6254,1529,2327,80,1771,742,1077,4881,1084,570,390,1216,2200,1056,2167,1119,700,315,1524,11691,6099,2919,8800,1794,1679,321,7061,16277,20457,10645,16948,8361,5901,14883,11405,7091,4048,8536,7426,7988,15019,6030,5054,4463,2635,2805,1494,18424,6715,4391,5455,5309,7647,4771,4449,2087,4797,2225,4269,6000,3477,2744,3932,2341,9091,1207,402,2183,1735,3661,3529,521,1874,4337,2138,3129,3488,20154,4137,4879,13593,7885,4183,9764,2913,6720,19401,6064,5628,7882,13440,3982,5068,4410,5187,5686,4441,4142,4604,2943,4662,5286,5032,7784,4771,2150,3935,1745,7617,4174,19599,3888,5191,2254,1785,1349,3641,1640,1453,1481,1716,1152,1183,1498,3654,4830,5100,3671,3059,3285,7108,3222
hsa-miR-11400,168,0,201,82,44,854,31,162,0,193,26,204,6,77,51,3,162,90,69,0,78,27,0,20,0,0,19,0,0,0,0,0,0,0,0,0,0,0,0,0,0,0,0,0,0,0,0,0,0,0,0,0,0,0,0,0,40,0,35,291,0,0,0,0,59,0,0,0,0,0,0,0,0,0,30,0,0,0,0,0,0,0,0,0,0,0,0,95,0,0,32,0,0,0,0,83,0,0,0,0,0,26,0,0,0,2,0,0,0,0,0,0,0,0,0,29,0,0,0,0,0,0,0,0,0,0,0,0,0,0,0,0,0,0,0,0,0
hsa-miR-1180-3p,1418,106,562,309,484,3780,285,3406,145,1192,262,1434,1066,449,337,306,1266,1033,386,1114,870,337,318,426,253,185,1,281,99,0,0,296,442,891,170,964,62,221,252,499,332,61,69,843,148,1329,0,267,0,0,0,0,0,50,157,0,281,33,79,60,0,89,0,171,54,0,25,18,33,153,68,0,44,0,97,0,0,128,115,39,113,99,1085,52,275,302,132,0,62,55,0,467,82,0,0,0,27,20,122,61,139,180,141,32,23,113,0,49,368,0,0,162,0,141,0,201,0,0,0,0,16,65,0,0,36,0,0,0,0,0,0,0,2,29,26,0,0
hsa-miR-122-5p,360795,219616,913811,255346,150330,644251,324694,13281,77806.5,911703,15531,290282,557976,873231,282957,94344,196185,127731,592608,103058,819111,164196,769688,562937,30101,36638,74572,64376,14561,2516,7473,272693,248647,293027,227748,178462,115998,136165,307516,57149,296445,111620,53097,153028,255336,429492,461500,17783,13598,12441,42534,35842,101099,130377,49801,10069,67501,58844,26118,21068,15017,42206,22108,58601,109586,95732,6257,42567,10719,52069,56800,2625,38873,45302,50000,14908,15709,23122,16358,30838,87194,52430,198757,82374,98834,286222,208348,20152,65956,15546,191282,168889,136151,12603,129777,724355,60340,95719,35128,41065,30737,74105,126039,40032,96795,62613,64505,48557,76183,12974,1125,150418,5674,39814,7282,73334,9070,7501,6724,4707,3110,10756,10125,2159,3870,1733,10408,11325,2334,17969,11167,8371,5135,4591,18516,17263,8379
hsa-miR-1224-5p,107,27,244,17,19,557,29,121,0,152,4,175,276,77,0,67,161,0,135,119,113,0,146,212,0,0,0,0,0,0,0,0,0,165,0,0,20,0,0,0,0,0,0,128,0,232,0,0,0,0,0,0,78,0,35,86,0,0,42,0,0,0,0,0,0,0,0,85,0,0,0,0,0,0,0,5,90,0,93,0,0,0,0,109,0,137,0,0,0,0,0,0,1,0,0,0,0,117,0,0,48,0,60,0,0,0,0,0,94,0,0,10,0,11,0,0,0,0,0,0,0,0,0,0,0,0,0,0,0,0,64,0,0,85,0,176,0
hsa-miR-1246,383,165,1009,336,186,5266,959,48,73,918,143,587,1523,985,133,38,495,140,389,2680,997,173,380,1214,244,96,17,111,178,0,0,183,940,730,0,222,233,185,102,0,0,0,237,0,232,129,0,0,0,0,44,0,79,163,164,280,113,194,55,17,0,200,59,50,218,179,102,0,38,82,97,0,10,0,116,77,0,82,0,0,16,41,290,53,203,238,420,40,115,25,97,729,265,244,100,515,0,104,151,171,57,85,248,536,59,241,119,229,1,0,0,94,0,62,100,270,0,0,134,20,36,0,0,0,0,0,0,0,0,0,0,0,0,48,70,173,68
hsa-miR-1255b-5p,566,33,182,232,239,863,309,377,62,443,76,288,504,91,69,126,465,349,787,421,94,148,280,448,31,47,0,32,12,0,0,135,397,447,416,361,77,116,62,221,686,314,301,1188,280,758,274,0,0,0,0,0,0,0,195,0,77,0,0,31,0,62,0,83,29,0,37,24,0,0,0,0,0,45,0,137,0,82,42,54,0,0,0,0,0,66,0,12,0,45,349,172,0,41,45,17,5,14,39,70,262,69,116,0,32,4,0,0,380,0,0,84,0,48,0,331,0,0,0,0,0,0,0,0,0,0,0,0,0,0,0,0,0,60,19,0,0
hsa-miR-125a-3p,48,30,73,84,56,299,16,146,0,19,34,74,86,51,79,20,0,131,69,77,69,18,21,0,24,0,0,0,0,0,0,0,128,111,0,0,0,0,0,0,0,0,207,0,0,0,0,0,0,0,0,0,0,0,17,0,0,1,73,0,113,4,0,0,0,10,0,0,0,0,0,0,0,0,41,0,0,0,0,15,0,0,0,0,44,0,0,0,63,0,0,0,0,37,0,0,66,0,0,0,0,0,0,0,0,46,0,0,15,3,0,0,0,0,0,0,0,0,0,0,0,0,0,0,0,0,0,0,0,0,0,0,0,1,0,0,0
hsa-miR-125a-5p,565,65,1178,847,723,2092,425,937,34,600,348,847,1154,615,291,123,563,1450,303,1082,530,264,40,395,2711,2995,1391,2579,354,1230,1266,9791,17248,22172,11207,17080,6030,12837,20173,10283,17336,5034,9302,7521,8355,17940,9972,3210,3051,1301,1050,386,5592,3740,2419,2915,3656,2690,2246,1090,429,1200,1987,2067,2126,1877,571,1831,738,5015,624,584,854,900,1004,1221,537,677,2209,680,1442,1021,8177,2057,2075,5725,4095,2192,6082,1885,4557,15058,3313,4771,2429,4303,1605,2080,2023,1497,2323,2122,1937,2467,1390,1378,2238,2055,7879,1631,735,2660,356,4339,2535,7942,829,1776,303,654,274,430,478,554,338,282,434,212,402,791,1794,1510,1974,1864,1486,5049,520
hsa-miR-125b-5p,134,38,173,134,151,1038,96,132,47,256,39,121,303,262,89,39,253,402,81,374,111,26,20,170,550,684,275,634,21,235,194,1835,2800,3632,2927,2666,830,1031,1496.5,1187,866,474,490,2413,579,5038,3315,266,555,208,71,333,2831,553,620,355,593,535,230,400,288,253,182,324,308,554,114,227,58,943,119,0,178,284,217,320,40,148,309,144,340,391,669,811,758,1447,1139,219,1013,253,956,3013,1102,452,446,3104,401,744,310,372,90,390,371,249,259,427,675,200,2603,292,24,796,68,716,493,2578,281,36,187,151,49,293,138,0,116,0,227,0,112,156,83,252,850,245,184,395,6
hsa-miR-126-3p,112514,16179,155533,94401,40823,1142230,84041,158970,8433.5,158488,35883,120120,209578,60338,24180,45592,206940,130548,149257,114107,89397,51958,48873,143380,5493,7677,4073,6426,2242,973,315,10891,27816,38203,13904,21083,17664,11063,18278,11915,14734,7668,14174,13078,10104,34134,8409,2800,8220,593,3072,708,5296,6428,7958,3878,9685,4462,4611,16715,2003,2497,3142,5818,7578,2840,1058,3696,1085,7250,2051,472,2691,2296,4403,3310,886,2293,5529,1917,2769,3517,15500,5057,6410,14361,6555,3294,19956,4968,7233,14042,3153,14426,4295,8313,3279,3801,1718,3049,4106,6107,5218,6791,3841,7585,5135,5832,7989,4905,1189,3517,2136,7424,3139,20581,2223,3484,1491,1373,834,2216,942,1434,823,611,668,1148,1020,1926,2613,3753,1378,4768,2112,8870,1743
hsa-miR-126-5p,74145,12749,71353,75927,39021,233981,62262,67366,5079.5,112588,28536,67703,88270,41735,22541,20344,100049,99836,55224,77103,38386,27309,28995,57534,180,832,285,430,194,62,68,583,763,1239,430,641,372,836,748,570,748,328,191,116,322,882,530,73,0,76,151,140,455,420,337,160,531,113,619,2285,169,339,176,652,713,77,222,170,57,283,103,0,160,176,103,205,322,311,517,380,196,212,1006,136,355,891,526,141,2991,482,369,1512,243,1230,355,270,470,322,168,272,319,498,215,127,224,403,95,190,814,80,67,305,23,381,174,870,0,183,37,13,95,234,0,37,0,23,0,36,0,177,77,168,152,265,143,585,47
hsa-miR-1260a,104,25,0,0,0,71,0,151,0,0,0,0,0,0,35,0,0,0,0,0,0,0,0,56,175,487,444,190,133,172,151,2123,1137,2835,760,1732,840,1662,2775,1274,349,486,376,595,1842,1310,81,199,810,1,206,0,720,662,484,992,850,1,271,883,315,344,123,214,517,114,137,916,106,569,75,103,119,178,321,176,243,196,519,129,197,266,1681,648,644,1087,321,238,1879,133,544,931,73,2034,262,1034,205,288,54,220,222,262,344,74,241,477,0,231,39,0,0,206,0,179,123,1038,244,0,64,47,50,20,0,17,0,0,32,0,0,21,0,84,139,198,87,225,0
hsa-miR-1260b,97,0,0,0,0,68,0,188,0,0,47,1,0,0,35,0,30,0,46,27,0,0,37,0,168,386,460,93,108,85,69,2006,1624,7016,859,1445,325,1495,2281,637,348,201,744,1202,1338,1609,251,206,810,252,96,0,604,610,706,804,1056,1,126,1167,406,235,60,201,308,80,137,879,0,398,37,0,72,67,437,180,193,198,408,119,154,98,703,385,463,487,341,244,2325,129,424,713,142,1698,219,354,102,160,0,234,99,264,243,0,206,684,0,222,205,55,0,131,0,253,113,1373,96,0,64,47,57,20,0,16,0,0,88,0,0,21,0,0,0,114,28,342,0
hsa-miR-1270,114,0,15,173,47,258,10,118,23,133,0,67,232,70,25,50,287,38,89,101,82,58,0,188,0,18,0,0,1,0,0,0,87,150,173,0,0,0,0,0,0,0,111,6,0,508,94,0,0,0,0,0,0,0,130,144,35,0,0,94,0,27,29,27,101,0,0,0,0,0,0,0,57,0,0,16,0,151,0,0,6,0,0,0,0,0,33,0,28,0,0,179,83,132,24,0,0,79,43,0,0,0,108,113,47,0,0,0,144,0,0,36,0,65,0,51,0,0,0,0,0,0,0,0,0,0,0,0,0,36,0,0,0,146,20,0,0
hsa-miR-128-3p,675,249,362,308.5,194.5,1601,449,1148,0,1089.5,284,421,846.5,313,142,101.5,920,652.5,372.5,345,232,212,153,394,1806.5,1086,409,1509,657,364,150,1173,2762,7377,2100,3878.5,1291,1243,2638,2772.5,808,504,1099,1983,1995,3509,1319,370,84,0,435,210,751,563,1849,1812,2350,1337.5,721,4035.5,405,286,644,1237,857,502,57,358,192,1154,0,163,611,237,527,107,181,361,996,356,1086,377,3917,1112,1157,2808,2126,201,5870,858,840,3504,770,5394.5,407,1401,824,505.5,416,325,320,1083.5,823,402,780,583.5,178,610,3145,36,0,1094,0,1229,217,3548,30,117,0,108,70,140,0,46,0,29,34,24,0,351,0,483,46,839.5,206,977,82
hsa-miR-1285-3p,155,0,85,3,0,317,81,652,0,109,0,153,198,20,31,45,264,85,38,73,46,0,95,29,9,23,0,139,0,0,0,0,389,291,0,357,0,114,75,0,0,0,192,630,0,35,182,0,0,0,0,0,0,17,282,103,147.5,287,0,0,0,0,0,147,0,0,0,0,49,0,0,0,0,0,0,198,0,0,0,0,47,0,0,73,154,0,0,0,0,46,29,94,117,5,0,0,0,1,69,24,0,0,83,0,0,53,0,0,80,0,0,27,4,31,0,0,0,0,0,0,0,0,0,0,0,0,0,0,0,0,0,0,0,28,32,221,0
hsa-miR-1287-5p,25,0,72,77,47,712,0,168,0,170,76,108,118,20,28,15,0,152,63,93,74,0,5,0,0,0,0,0,0,0,0,82,0,0,0,0,0,0,0,0,0,0,0,0,0,0,0,0,0,0,0,0,0,0,18,0,0,0,0,26,0,0,0,0,0,0,0,0,0,0,0,0,0,0,0,0,0,0,0,0,0,0,0,0,0,0,0,0,0,0,0,0,0,0,0,0,0,0,0,0,0,0,55,0,0,0,0,0,53,0,0,0,0,57,0,0,0,0,0,0,0,0,0,0,0,0,0,0,0,0,0,0,0,0,0,0,0
hsa-miR-129-5p,0,27,81,19,22,105,44,30,0,45,29,67,16,11,0,0,0,0,93,22,120,0,22,66,0,0,0,0,0,0,0,0,0,229,0,0,0,0,0,0,0,0,0,0,0,0,0,0,0,0,0,0,0,32,0,0,0,0,0,0,0,0,0,0,0,0,0,0,0,0,0,0,0,0,0,0,0,0,25,0,0,0,0,0,0,0,0,0,0,0,0,43,0,0,0,0,0,0,0,0,0,23,0,0,0,0,0,0,0,0,0,0,0,0,0,25,0,0,0,0,0,0,0,0,0,0,0,0,0,0,0,0,0,0,0,0,0
hsa-miR-1290,422,162,797,270,203,4173,934,56,142.5,1111,130,375,1069,1148,211,56,406,333,718,929,1041,111,544,820,11,50,10,169,0,0,0,159,423,260,1,52,0,0,0,2,0,0,237,0,0,106,0,0,1,0,44,104,0,0,81,0,0,157,0,0,0,172,0,17,142,117,0,0,64,122,0,0,10,0,216,223,0,26,0,0,0,0,0,31,121,52,111,0,0,15,0,516,0,146,100,158,0,0,84,35,61,60,141,45,0,183,0,154,96,0,0,35,20,98,0,139,87,0,0,0,0,0,0,0,0,0,26,0,0,93,0,0,0,0,0,101,0
hsa-miR-1292-5p,479,26,155,235,46,1219,130,490,9,249,49,255,227,140,61,88,494,119,185,94,224,90,76,355,54,0,0,0,0,0,0,0,0,731,0,0,0,0,0,227,108,0,0,221,0,0,0,0,0,0,0,0,75,0,141,0,0,171,0,0,0,0,0,16,0,0,0,67,0,0,0,0,0,50,0,0,0,36,57,0,46,0,263,0,0,0,0,0,0,62,88,0,187,0,0,0,0,0,0,32,0,79,21,0,14,62,0,0,181,0,0,40,0,138,25,0,0,0,0,0,0,0,0,0,0,0,0,0,0,0,0,0,0,22,0,0,0
hsa-miR-1294,1376,179,1028,967,395,2029,1097,883,175.5,902,212,1410,879,544,896,176,1191,992,856,471,1048,430,778,784,90,28,0,115,15,0,0,0,338,1060,0,340,178,325,0,0,0,258,51,126,0,650,0,0,0,0,66,0,15,71,93,0,241,0,170,327,51,0,13,69,87,53,44,0,85,119,0,0,17,0,88,0,0,0,43,0,0,14,19,0,113,204,28,0,75,38,61,0,0,0,81,6,68,113,36,36,40,96,22,127,116,76,0,173,244,0,0,165,0,30,20,176,0,0,0,57,39,70,0,0,0,0,0,0,0,0,0,0,0,186,0,174,0
hsa-miR-1301-3p,582,32,304,387,254,2189,218,1106,13.5,601,86,516,516,295,79,51,456,161,201,169,430,0,227,272,357,193,52,24,69,0,0,515,205,665,72,382,130,234,204,0,164,39,103,41,63,774,131,0,0,0,0,0,0,113,370,87,292,23,39,288,0,151,0,15,414,26,29,75,0,51,0,44,179,15,224,53,54,0,55,31,166,0,536,131,136,73,243,0,299,68,169,1,0,460,36,250,123,39,0,146,0,222,121,143,185,122,0,45,148,0,0,215,0,279,40,642,0,0,0,0,12,0,0,0,0,0,0,0,0,0,0,0,0,80,36,188,0
hsa-miR-1303,79,28,23,184,0,289,30,79,0,335,63,187,67,42,0,26,67,79,50,251,18,66,0,74,0,0,0,0,14,0,0,0,0,0,0,55,0,0,0,0,0,0,0,0,0,0,96,0,0,0,0,0,0,0,16,0,28,0,0,16,0,0,0,0,0,0,0,0,0,0,0,0,0,0,0,0,0,0,0,0,0,38,0,0,0,0,23,42,0,0,0,0,0,0,0,0,0,0,0,0,0,0,0,0,0,0,0,0,77,0,0,0,0,0,0,50,0,0,0,0,0,7,0,0,0,0,0,0,0,0,0,0,0,0,0,0,0
hsa-miR-1304-3p,21,0,85,37,21,225,98,165,0,16,42,27,64,32,22,32,71,83,42,78,55,35,0,1,13,0,68,68,0,0,0,160,0,3,0,0,43,0,95,0,0,0,70,169,0,267,0,0,0,0,0,0,0,61,0,0,68,0,0,114,0,0,0,47,66,0,0,82,0,0,0,0,0,0,21,0,0,36,77,0,0,27,0,0,0,85,76,0,141,0,0,0,0,107,87,0,28,0,0,0,0,8,0,0,0,0,0,0,0,0,0,8,0,5,0,101,0,0,0,0,6,0,0,0,0,0,0,0,0,0,0,0,0,23,50,0,0
hsa-miR-1306-5p,326,63,97,314,132,493,160,439,48.5,449,69,244,400,99,1,20,394,104,363,89,130,37,190,264,166,177,99,270,1,0,64,435,186,833,362,627,165,925,429,681,279,149,547,672,399,535,0,0,0,217,40,183,166,161,124,247,149,152,86,19,160,24,59,114,136,42,0,159,35,140,0,101,190,121,52,0,0,37,333,48,142,342,441,225,137,290,168,13,0,115,158,0,126,0,124,47,117,148,90,68,73,31,0,78,0,0,52,326,200,0,109,81,0,29,150,138,0,0,0,0,0,0,0,0,0,0,0,0,0,0,0,0,0,76,85,29,0
hsa-miR-1307-3p,800,291,1192,349,363,6070,534,2206,89.5,1168,259,1057,587,517,138,56,817,550,734,325,915,271,272,499,47,99,0,0,35,0,0,0,242,483,431,143,239,0,48,0,0,0,0,255,0,431,0,0,0,0,0,0,0,0,113,0,36,0,0,362,0,0,0,0,0,0,0,0,0,0,11,0,38,0,44,0,0,20,75,35,0,0,176,0,0,160,198,0,143,0,0,172,145,34,0,0,0,20,0,0,0,0,41,0,74,98,0,0,106,0,0,93,0,148,15,46,0,0,0,0,0,0,0,0,0,0,0,0,0,0,0,0,53,25,0,0,0
hsa-miR-130a-3p,19466,2069,17274,12942,7297,79998,7005,19056,782.5,28940,6495,14065,17862,5041,2391,5147,32342,13515,20368,15775,7752,7006,6045,14169,93,269,66,142,109,0,0,230,158,718,667,386,226,586,668,534,407,143,283,561,96,379,260,0,0,0,87,52,115,195,529,339,236,59,68,366,70,159,86,152,201,113,56,104,0,73,0,0,74,133,38,131,0,0,143,80,136,65,275,48,153,357,327,0,335,165,285,266,219,137,47,268,219,227,78,128,44,123,135,230,76,102,111,276,563,2,0,126,0,185,2,338,0,88,0,30,58,6,0,0,0,0,0,11,0,73,0,0,0,173,59,403,0
hsa-miR-130b-3p,4058,449,2530,2206,2247,16529,1672,5315,291.5,4664,1508,4639,5054,1307,620,905,5947,3562,4426,3005,2423,1280,1704,6349,303,202,58,229,225,0,0,116,250,1300,228,12,0,296,544,540,1260,65,72,331,89,612,148,208,0,0,7,276,192,181,281,584,119,47,129,168,237,138,31,318,230,83,42,93,57,2,133,83,149,89,0,142,27,139,76,201,174,31,718,12,83,357,232,117,182,166,234,213,268,193,18,282,65,102,244,206,419,174,189,94,317,406,0,71,390,107,0,72,0,400,128,293,102,0,0,0,21,42,40,67,0,0,0,0,0,0,77,0,0,153,189,183,0
hsa-miR-130b-5p,0,0,0,0,0,4,0,0,0,0,0,0,0,0,0,0,0,0,0,0,0,0,0,0,209,62,272,221,26,0,0,61,961,514,344,387,139,647,481,657,63,0,157,130,150,167,0,0,145,0,0,44,46,247,142,40,287,395,111,292,0,100,82,125,130,0,28,72,56,182,0,0,120,0,183,0,0,0,200,22,141,71,891,144,209,720,85,90,430,435,0,669,24,628,172,377,1,98,87,0,0,217,181,0,35,181,104,0,190,0,0,126,0,248,89,432,0,0,0,0,0,0,0,0,0,0,0,0,0,0,0,147,0,175,23,60,59
hsa-miR-139-3p,578,230,1262,813,564,2004,669,505,39,523,421,534,1358,463,336,105,260,925,598,592,1235,218,169,475,178,8,0,41,8,0,0,64,104,310,0,197,0,394,0,0,111,0,0,0,5,347,323,0,660,0,100,0,49,0,0,0,87,114,46,150,0,118,0,98,49,0,0,41,0,152,17,0,0,27,0,0,0,68,17,0,12,106,0,0,12,0,106,0,133,81,0,366,0,132,0,0,46,0,0,62,42,0,0,0,38,34,0,26,189,0,0,74,0,43,0,54,0,0,0,0,0,0,0,0,0,34,0,0,0,0,0,73,0,95,0,0,0
hsa-miR-139-5p,2864,389,6989,2658,2713,21486,3112,3544,232,5066,2274,5049,9085,2728,1556,950,3642,5645,4374,4357,4553,2077,1119,4193,320,308,135,281,167,41,0,451,1293,1153,569,620,328,966,444,943,180,126,0,202,138,437,693,0,0,470,24,0,210,409,344,36,410,19,287,652,72,100,354,208,190,81,173,21,157,530,122,0,179,191,26,43,0,68,92,128,148,31,858,119,318,554,160,111,1488,185,184,678,288,534,220,320,143,144,203,0,0,312,53,15,214,256,0,110,63,285,112,99,0,267,42,411,207,32,0,41,18,206,119,34,87,0,9,0,0,246,200,95,123,164,35,995,209
hsa-miR-140-3p,302,0,199,252,75,2463,142,1284,59.5,771,180,298,754,123,42,102,950,394,532,349,267,70,135,453,5839,2919,1118,4885,3659,0,175,3321,4948,15145,3630,4880,3969,5308,6029,5632,4861,2057,4865,4395,2241,10772,2943,0,219,0,1083,655,1443,1118,3910,3159,4078,4271,1071,9750,863,1466,1485,3488,1951,1276,895,2237,619,1762,403,178,740,1223,1453,1903,267,1210,3382,539,1990,1339,10464,1907,4317,7742,4485,852,6919,1476,5128,9717,2303,8653,1755,4159,3425,2997,1021,1932,1924,3679,2156,1964,1853,2393,824,2396,6140,362,104,1994,70,3816,1106,6633,0,68,54,37,178,39,114,37,84,88,74,0,74,86,54,195,116,2399,1012,2738,556
hsa-miR-140-5p,91,74,57,16,0,705,51,44,0,117,0,66,67,48,17,36,124,110,49,30,72,23,10,68,54,42,0,0,31,0,0,152,323,474,65,40,0,0,0,0,0,0,398,0,0,256,279,0,0,0,0,0,95,62,90,0,54,0,10,134,0,0,0,30,0,0,0,0,0,0,0,0,0,0,25,27,0,0,0,12,0,0,0,16,0,0,0,0,216,108,0,0,0,191,0,0,59,0,0,0,0,79,54,0,0,103,0,0,0,0,0,25,0,143,45,35,0,0,0,0,0,0,0,0,0,0,0,0,0,73,0,0,0,26,0,127,0
hsa-miR-141-3p,0,0,220,0,21,951,0,99,0,31,61,29,19,53,0,0,181,10,23,148,269,0,0,0,2,14,0,0,0,0,0,0,0,0,62,0,0,74,0,0,0,0,0,0,0,0,0,0,0,0,0,0,81,0,0,0,12,53,0,0,0,0,0,0,0,0,0,0,0,0,0,0,0,0,0,0,0,0,0,0,0,0,0,0,0,0,0,4,0,0,0,0,0,0,0,4,0,0,0,0,0,30,0,0,0,0,65,0,0,0,0,0,0,0,0,18,0,0,0,0,0,0,0,0,0,0,0,0,0,0,0,0,0,0,0,0,0
hsa-miR-142-3p,1595,171,1909,936,668,57180,1275,4411,355.5,2918,331,1817,1140,1235,455,364,2052,875,568,767,1330,619,323,1107,167,12,0,37,53,0,0,0,45,105,42,42,0,131,0,0,0,38,74,37,0,171,102,52,0,0,0,0,317,67,165,105,16,0,0,171,0,12,0,70,0,0,0,0,34,0,0,0,0,96,0,22,0,43,59,18,0,0,85,0,45,22,0,0,84,0,55,305,0,88,0,0,0,0,0,0,0,0,0,0,7,57,0,0,0,0,0,0,0,32,27,0,69,0,0,51,0,0,0,0,0,0,0,0,0,0,131,0,0,19,0,0,0
hsa-miR-142-5p,30705,2790,25722,17665,8769,134675,11151,61947,2951,35649,10149,22935,46280,8354,2936,16644,76656,31006,38325,25332,10538,6981,8310,50071,14379,10508,2887,18757,13421,327,1362,17595,26639,72726,21168,42553,21708,32627,21304,24236,18704,11322,20981,33470,19645,46805,11210,1895,952,409,3321,3754,5817,5945,18055,16479,14528,12415,6267,25352,3616,3785,9462,12098,6202,4296,2848,3924,1629,8518,1060,1762,2864,4910,3192,3975,1708,2515,9089,2093,8075,5986,44376,8840,11511,18967,13333,3094,36406,6688,15064,32761,4920,29580,7280,19146,7098,7725,4508,5508,8697,10726,8591,6444,6483,8540,2791,9207,25084,387,86,8392,25,13454,4185,27065,181,154,72,360,526,250,232,174,233,97,140,52,34,292,416,626,370,8934,3709,11714,958
hsa-miR-143-3p,4870,4718,40682,7068,9289,173969,4968,29733,1598.5,10288,5696,32280,25363,5768,7669,4034,24284,76560,13457,79625,9738,2358,2221,4733,7619,5580,6741,10360,8744,444,801,10760,19764,22568,13051,19397,8444,11986,15403,10108,20813,7942,6514,7037,10166,76650,12661,422,0,61,4007,1359,14753,3062,3620,3868,8460,6859,2668,22453,2348,3287,5814,4012,10097,838,1556,3233,440,6735,914,499,1851,1662,3310,1710,704,1683,7486,2941,4798,3276,10194,6679,6244,18055,5314,2028,11478,3895,4507,40982,9780,42372,7539,19305,3951,3271,9275,4831,13276,8770,15607,9765,4739,5134,10400,12968,109255,405,422,9737,328,6772,6762,16904,461,1467,280,142,688,296,193,527,294,389,178,66,143,996,3657,2646,1226,5847,4159,11827,2879
hsa-miR-144-3p,30503,6050,22409,23517,8283,375703,10986,56107,4183,43123,12079,23817,38242,13123,5679,25587,106075,47899,27201,20706,8454,8998,17330,57535,1006,1110,217,1313,307,177,61,1371,4465,11165,2884,3801,1635,2629,3778,1934,1048,1058,1882,1699,1612,7475,553,0,114,0,317,161,314,200,1323,1524,786,539,594,532,412,536,328,1304,319,720,267,33,144,174,0,66,345,339,220,586,79,126,416,347,433,282,2010,605,494,1593,905,125,254,458,1012,1813,378,1088,408,792,891,508,960,994,986,1143,616,638,877,553,160,881,1985,0,194,646,0,939,200,2665,0,0,0,0,182,35,0,20,0,59,49,0,51,87,0,10,0,965,397,1201,173
hsa-miR-144-5p,0,0,5,0,0,47,0,15,0,6,0,33,10,0,0,24,17,0,23,0,0,0,0,0,530,259,109,1007,100,5,170,1626,4896,17073,2435,2653,3721,1747,3288,1410,2712,1650,1578,3332,2673,10421,789,0,297,0,100,0,314,187,526,936,254,244,267,479,92,327,141,215,487,256,123,163,108,456,0,0,177,250,313,434,0,248,678,181,392,203,1728,641,252,406,521,125,370,296,441,585,129,208,206,513,200,80,367,515,1242,778,886,946,136,592,80,569,1411,54,58,421,0,1083,205,2445,0,0,0,41,0,63,0,123,0,60,0,0,1,0,0,0,0,375,421,325,0
hsa-miR-145-3p,0,0,1,0,42,184,34,0,0,74,30,45,0,18,0,0,0,95,28,80,12,0,0,0,26,149,29,117,81,0,0,0,130,191,208,143,248,154,136,49,71,0,0,0,0,345,118,0,0,0,0,0,470,20,19,0,15,0,32,56,0,133,0,0,23,24,0,0,21,68,16,0,0,18,0,117,0,0,78,0,65,204,103,0,41,56,28,19,137,0,0,396,0,547,0,130,34,80,78,76,0,157,90,49,0,30,59,0,171,0,0,72,0,29,175,268,0,0,0,0,13,20,0,0,0,0,0,0,0,51,0,0,0,0,68,131,156
hsa-miR-145-5p,19,10,7,1,0,118,64,123,0,4,0,54,0,18,18,0,81,106,25,176,16,0,0,1,97,214,31,49,114,0,0,56,385,134,0,0,0,0,313,467,207,0,0,0,0,68,455,0,0,0,0,0,166,32,88,0,161,137,32,148,0,5,0,0,78,0,73,0,0,0,0,0,0,0,0,0,0,0,32,40,96,0,0,0,0,50,7,42,165,0,125,67,0,122,0,0,0,7,38,0,0,50,28,0,0,0,0,101,49,0,0,0,0,0,0,0,0,0,0,0,0,0,0,0,0,0,0,0,0,0,0,0,0,0,0,0,100
hsa-miR-146a-5p,503,127,248,318,146,2639,337,560,0,476,98,369,199,156,119,37,617,90,99,249,155,82,70,308,4168,3441,3473,2306,5710,0,65,3324,5480,7072,2473,4166,3469,2714,6934,4617,5827,1642,2862,1833,3982,11613,1486,0,1210,59,2607,591,4691,3292,7065,2974,7657,2474,1325,36108,1990,3461,1223,3289,7928,931,409,5842,711,1881,857,271,1897,1274,3263,1524,224,1454,6226,861,1469,2109,7093,3411,3964,9280,3978,1252,42277,2681,3547,7591,1839,22653,1559,8890,2023,1078,1082,1239,1564,3392,2174,2162,2258,6027,1481,2640,6711,146,183,2430,121,4020,2548,11122,364,377,90,229,164,325,90,38,21,277,148,143,212,0,650,528,426,2786,1388,4301,1476
hsa-miR-146b-5p,205,27,217,56,72,799,1,741,0,131,68,91,308,127,88,32,333,103,96,92,88,80,42,39,1445,340,647,415,540,0,0,1382,1510,4301,1204,1484,975,2129,1807,867,1828,505,1127,912,1094,2242,1211,0,272,0,276,88,314,446,594,318,851,265,174,3190,150,237,294,138,1006,180,23,847,105,892,92,0,421,346,127,230,0,344,494,83,302,312,1119,258,493,943,474,398,4579,306,500,1344,581,2548,153,2267,584,361,85,337,792,608,915,524,490,977,105,665,962,143,23,631,86,1144,106,1179,115,203,7,53,0,18,45,57,66,0,65,24,18,167,28,77,4,407,182,655,697
hsa-miR-148a-3p,0,0,18,39,28,127,0,41,0,61,61,0,49,36,0,0,36,0,35,1,19,0,0,0,4971,2929,1958,5164,3778,607,229,4101,7401,11318,4791,6730,3582,2418,5606,3242,5369,769,2188,2493,2530,9941,4745,0,533,344,1836,1667,2489,2872,3041,2780,3617,4653,2109,10729,658,2060,1655,5050,3281,1567,684,2116,929,1890,932,64,888,2624,2715,1217,386,1127,2118,1374,3334,2700,13974,2688,4399,6545,4469,970,7505,3312,4143,7189,3179,10770,4614,12596,2522,2087,1271,1724,1959,2488,2569,2403,1866,3015,1264,2575,6724,451,166,3275,21,3399,792,6994,170,445,42,256,374,375,258,146,131,456,353,258,63,431,422,131,300,2113,1003,1529,441
hsa-miR-148b-3p,36,0,0,15,0,207,44,18,0,40,0,25,43,20,0,0,25,47,18,0,21,0,21,0,1037,1187,423,1815,760,0,57,302,1089,3057,810,998,1183,1021,539,533,201,497,592,240,1414,737,209,0,0,277,895,309,446,255,1459,1230,1216,946,737,4491,315,466,353,901,1114,230,156,505,172,327,36,54,348,432,588,343,0,537,1189,202,448,278,2105,285,928,1385,1127,396,3386,922,1518,1916,564,3066,449,812,559,668,736,475,416,1125,495,475,392,826,461,744,2082,298,0,743,90,853,114,2253,70,170,0,0,20,241,6,0,0,1,0,0,18,39,0,165,1,418,287,712,87
hsa-miR-150-3p,0,0,23,64,0,254,49,119,0,119,2,96,109,0,0,0,0,0,0,33,18,0,0,93,81,126,65,38,208,0,0,60,346,544,40,158,413,0,986,208,422,0,264,0,0,429,0,0,0,0,0,233,361,50,103,30,142,0,20,278,112,27,26,55,58,76,59,53,45,238,60,0,22,28,0,20,45,34,55,0,70,119,0,168,33,56,29,31,623,0,172,473,0,243,84,74,129,105,0,0,0,216,78,0,20,190,0,21,0,0,0,108,25,241,16,14,114,96,0,0,0,26,16,0,0,0,0,69,0,96,0,0,48,4,0,218,0
hsa-miR-150-5p,623,247,971,728,319,3511,645,4187,98.5,472,40,785,1181,881,226,236,643,306,569,507,413,305,177,707,4717,2739,2777,1825,4661,954,732,9593,11301,25273,8813,14899,5827,10884,13029,10048,7864,8087,10081,6541,6355,17335,4417,2368,3275,970,584,459,2571,2197,1834,2371,2902,2159,1845,5056,958,712,1009,2403,1574,869,567,2037,552,5616,779,194,985,662,2217,713,384,686,2751,747,1098,1278,5272,2204,2366,6016,2336,988,27960,1083,2721,6982,1227,10903,608,11504,1967,1379,1375,984,1722,1856,2412,1174,1561,7157,1151,1407,2261,1062,362,2122,237,5651,676,3379,394,801,308,199,306,562,218,267,394,625,316,274,227,458,413,1071,477,887,1335,4458,1039
hsa-miR-151a-3p,2473,592,1729,2606,1236,14586,1606,4957,186.5,3854,888,3497,1857,1698,631,271,3170,1668,1920,2310,1727,893,896,2511,4099,1832,1664,3470,1898,0,227,5609,4285,12532,4185,6476,4874,4826,4180,4716,5949,1746,3387,4404,3614,10855,2505,245,178,63,1491,166,1228,1623,3253,1695,3865,3067,892,16006,744,1673,1322,2772,3262,498,398,3963,262,1487,53,187,1501,1507,2023,1219,186,1135,3303,708,1571,1470,5595,1400,1962,5273,3011,585,17720,2579,2932,6832,1636,14970,2026,3601,1793,1225,756,948,1552,3189,2411,1421,2376,3910,1215,1596,6822,262,77,2189,131,3794,833,7738,395,537,100,73,82,148,28,0,69,28,203,51,83,250,844,184,315,2470,770,2704,918
hsa-miR-151a-5p,39504,3837,27731,19141,10435,253427,17728,49362,2523.5,39530,6744,40791,31401,14422,4773,6573,42902,21284,32908,26395,23225,8255,10842,39774,2867,1319,786,1910,1083,192,0,1867,6953,8507,2989,4127,2321,3419,2182,1560,1205,1150,2889,3001,2286,8762,622,0,0,0,369,446,957,1354,1716,826,2644,1940,676,5242,490,707,826,1953,1515,636,205,1172,417,1109,75,20,435,307,1280,867,105,758,1980,308,449,689,4352,983,1395,4957,1359,663,7345,1462,2059,1760,1222,3265,697,3165,846,1034,363,605,776,1477,596,788,621,1686,377,841,1157,246,0,1073,68,2058,571,4895,69,86,86,109,137,199,43,51,0,0,125,26,0,0,165,360,71,905,641,1079,380
hsa-miR-151b,27263.5,2506.5,17288,13353.5,7248.5,146718.5,11478.5,31520.5,1714.25,27377,5039,27581,21184,9557.5,3365.5,4748.5,28779,15404.5,23225,19886.5,14587,5729.5,8325.5,28735.5,2520.5,1126.5,638,1884.5,1037,119.5,0,1835.5,6316.5,8173,2989.5,3926.5,2184,3326.5,2049,1254.5,1175,1150,2839,2977,2226.5,8208.5,622.5,0,0,0,284,434,960,1188.5,1553,742,2243.5,1838.5,565.5,4423,479,602,774.5,1772.5,1389,621.5,152,1063,431,1063,75,20,428,270.5,1111.5,828,105,638.5,1849,288.5,419,658,4202.5,905.5,1297.5,4728.5,1210,564,6333,1330.5,1913,1723,1222,3015.5,597.5,3035,821.5,943,353.5,564.5,776.5,1402,556,739,608,1451.5,275,763,1157,246,0,978,54,1888,550,4199,34.5,86,86,54.5,112,187.5,21.5,25.5,0,0,122,13,0,0,165,308.5,36,874,622,998,322
hsa-miR-155-5p,688,94,2012,564,335,14277,706,5991,76.5,1080,112,1420,2941,885,101,252,1409,361,1056,1018,1339,215,165,1242,269,161,153,43,204,0,0,372,0,1012,197,179,0,0,1129,105,80,88,0,221,515,1626,77,0,173,0,46,44,122,140,107,0,212,305,118,698,103,1,139,291,431,87,178,53,33,256,77,0,20,98,119,110,35,18,289,0,59,0,349,0,0,425,199,37,1161,178,37,473,76,251,70,318,62,166,35,61,9,338,183,40,81,462,91,43,125,67,0,221,0,319,119,221,214,0,0,58,0,2,23,0,34,0,0,26,0,0,88,88,102,94,87,555,114
hsa-miR-15a-5p,13177,2388,7168,10245,4728,52852,5237,15830,541,21808,5428,9460,11262,5379,2641,5251,24208,13442,8766,12678,4378,4084,4916,12781,1128,705,275,908,352,409,0,925,2370,4263,1695,1065,1234,1711,127,1615,1257,378,87,1054,551,2134,185,466,785,0,62,214,105,92,792,738,634,467,268,755,0,213,448,873,187,249,99,157,85,61,26,0,172,297,234,191,0,209,436,56,622,457,798,381,398,1335,361,94,283,480,444,813,194,694,249,324,386,778,87,528,380,444,334,114,270,695,245,588,1084,0,0,285,0,1180,307,1180,109,0,100,44,91,362,107,34,0,0,73,0,40,206,0,249,45,663,282,624,63
hsa-miR-15b-3p,413,0,150,293,116,786,60,164,30,398,63,137,135,144,66,80,475,299,327,221,67,119,0,266,143,237,16,132,58,0,0,66,435,1393,309,128,95,666,224,179,0,61,370,176,0,117,172,0,0,0,23,0,23,158,98,320,84,30,164,152,92,37,55,146,100,0,18,72,0,0,0,0,94,27,66,92,0,0,299,26,104,89,580,4,56,100,185,0,76,196,89,490,137,230,47,74,83,78,86,125,144,138,67,0,43,202,0,0,376,0,0,85,0,424,116,423,0,0,0,0,32,36,0,0,0,0,0,0,0,0,153,0,0,200,95,49,0
hsa-miR-15b-5p,22462,2453,14075,14885,4041,113257,7518,47929,1395.5,27076,5821,15901,20319,7034,2529,8541,42542,17423,17482,18808,8482,4212,7690,26224,3989,2473,1032,3704,1927,211,73,2419,10694,18745,4466,5948,3476,3444,4850,3089,4079,2341,4567,3996,4209,12872,2016,356,877,0,772,595,1684,1108,3463,3394,3491,3203,1392,5395,251,708,1535,3327,1767,841,289,466,406,1123,191,233,1198,841,616,1171,384,876,2179,365,1440,1947,7186,1324,3194,5461,2504,424,3831,1550,1417,7384,1523,5800,1415,3499,2138,1447,1208,676,1662,1712,1590,1439,1781,2405,410,1554,3473,318,149,2252,0,3667,1118,6462,274,0,1,49,473,940,283,24,59,133,141,35,337,240,26,413,5,3060,1071,2921,47
hsa-miR-16-2-3p,17,0,51,38,42,73,68,52,28,57,24,43,44,0,22,0,64,0,28,14,0,25,0,0,4882,3222,1008,5569,1130,92,341,4607,12463,36003,9579,12142,4818,7028,6599,5254,3795,3369,5340,6866,5432,20571,4102,1,492,0,1016,742,2494,1129,5755,4985,6596,4535,2022,5712,1201,1403,1871,3561,1400,1251,300,952,670,2109,154,296,776,1215,497,987,377,1173,2361,1101,3256,1900,14010,3121,3239,9539,5114,684,4811,2820,3777,10513,2088,6463,1770,4750,2705,2024,1200,1554,2196,3826,1980,2155,1663,2279,681,2173,9667,81,0,3368,0,5384,1020,11343,71,0,46,46,184,75,16,15,0,126,0,0,29,268,0,0,163,3330,1575,3258,234
hsa-miR-16-5p,4121388,379682.5,2871444,2153104.5,984910,14492235,1604001.5,4511378.5,236164.75,4895310,803235,3123696.5,4852987.5,1178540.5,489968,1170872.5,6911493,3543215,4174336,3337816.5,1755788,930607.5,1471264,5142286.5,107853,81723,22037,118110.5,32360.5,789.5,4108,137270.5,296291,756198.5,216246.5,234398,176787,229904.5,169325,190055,148422.5,85350.5,183572,222641.5,151668.5,466114,74987,2121,2078,569,21204,11565,35310.5,32206,109950,100316,107331,71001.5,44478.5,71456.5,22709,25790.5,45233,98293,42047,32004.5,16588,22281.5,12139,44591,8151.5,4155,25810,29494.5,19282.5,37260,9288.5,21318,55615.5,17937,75069,38608,224170,60279,61241.5,168174.5,81945.5,14654.5,58814,57219.5,87594.5,219923.5,40050,97504.5,39497.5,91435.5,58806,50122,28773.5,44355.5,63915,87736.5,72573.5,60048,43781.5,65794.5,19204.5,62848.5,195738,484,238,73283,261,120522.5,40603.5,220755.5,623,906,107,253,2501,1269,328,291,282,346,693,125,348,1477,1689,1340,875,88378.5,26969.5,95425.5,5748.5
hsa-miR-17-3p,168,0,159,73,0,2744,26,570,7.5,154,34,163,283,107,16,109,406,217,55,127,53,18,42,94,0,0,0,0,0,0,0,0,3,0,0,0,0,0,0,0,0,0,0,0,73,0,0,0,0,0,0,0,0,0,0,70,0,0,0,0,0,0,0,0,0,0,0,0,0,0,0,0,0,0,0,0,0,0,0,0,0,0,0,0,0,0,0,0,0,0,0,0,0,0,0,0,0,0,30,0,0,0,0,0,0,0,0,0,0,0,0,0,0,0,0,0,0,0,0,0,0,0,0,0,0,0,0,0,0,0,0,0,0,0,0,0,0
hsa-miR-17-5p,868,67,654,482,173,6403,267,1869,1,1404,214,907,1179,395,99,455,1675,1222,980,754,602,250,360,1010,151,210,36,462,71,0,0,372,48,1314,377,438,624,221,462,0,108,0,756,419,141,597,248,0,0,0,224,0,0,42,130,200,60,280,173,321,81,23,67,281,104,14,84,45,9,134,0,0,43,53,266,46,0,55,124,80,158,96,633,29,193,0,0,27,7,212,35,920,16,306,81,12,98,78,79,181,0,184,82,97,171,148,0,37,271,0,0,165,0,21,45,296,0,0,0,0,0,40,0,0,0,0,0,0,0,0,0,0,0,209,138,93,8
hsa-miR-181a-2-3p,158,0,59,151,14,845,153,418,29,135,0,189,281,130,0,40,214,95,115,27,35,20,42,114,264,81,84,162,260,92,0,108,103,534,235,269,0,410,348,142,303,26,0,36,281,218,0,0,0,0,179,0,35,143,264,0,203,297,46,725,0,82,47,97,84,100,0,24,46,661,0,4,44,134,100,142,0,73,138,128,91,80,607,76,130,0,175,97,637,83,161,1124,115,739,129,503,177,50,0,142,159,343,159,105,71,191,0,284,335,162,0,95,0,285,37,280,0,0,0,0,0,11,0,0,0,0,116,0,0,86,112,0,0,13,33,0,93
hsa-miR-181a-3p,23,0,66,61,0,492,34,69,56.5,47,0,54,71,10,35,0,97,0,18,0,0,0,0,0,0,14,36,0,0,0,0,0,0,0,0,0,0,88,0,0,0,0,0,0,80,0,0,0,0,0,0,0,0,0,0,0,0,0,0,34,0,0,0,22,0,0,0,0,0,0,0,0,0,0,0,0,0,0,0,0,0,0,0,0,5,0,0,0,47,0,0,0,0,0,0,56,0,0,0,0,0,0,0,0,0,0,0,0,0,0,0,44,0,0,0,0,0,0,0,0,0,0,0,0,0,0,0,0,0,0,0,0,0,0,23,0,0
hsa-miR-181a-5p,1309,245,908,906,536,10723,749,6040,55.5,1811,251,895,1906,715,408,728,1979,1073,977,1295,1538,386,534,1014,2890,2866,1067,1836,2311,93,0,4576,7644,12359,3728,5698,3186,5728,3463,5000,3907,1462,2644,6056,2129,9769,1322,112,1337,268,1112,513,903,1038,1295,1400,3197,1654,798,9544,411,2303,477,2748,1823,579,624,1902,295,624,641,98,905,1285,990,1619,136,761,1801,363,1231,1074,5582,1530,1407,2804,1863,350,3778,1402,1593,2136,449,6513,854,1908,2457,1053,860,2337,1283,3309,1681,923,1285,2909,1034,1713,3516,143,350,1147,278,1745,472,2545,534,507,142,217,248,576,207,117,192,326,265,235,240,91,231,744,186,998,770,1950,581
hsa-miR-181b-5p,548,55,342.5,585,308,2911.5,466.5,1541,58.25,745,191,646,860,301,182,89,814,506,234,531,693,113,279,462,84,33,177,96,263,0,0,286,241,650,253,360,0,98,346,309,627,82,0,142,236,507,0,0,1,281,17,16,48,71,33,55,361,29,62,843,0,333,71,254,239,1,29,182,0,218,0,0,100,58,23,1,35,98,135,4,104,0,576,6,107,154,55,25,521,12,263,977,0,454,80,253,148,111,65,156,58,156,108,194,0,322,27,131,143,162,108,67,0,159,21,431,104,0,40,0,70,30,0,0,0,0,0,0,0,72,0,75,0,51,140,1,6
hsa-miR-182-5p,1783,439,6368,1013,546,30769,562,5852,316,3997,703,2287,4034,694,363,772,5259,3019,5399,1076,660,592,1139,3153,5210,2304,1512,4873,558,1,696,25164,18041,47732,18480,44289,25416,32983,19440,28871,25433,7685,21049,30241,21015,64725,6380,0,311,0,1542,781,3287,1233,5628,11975,6220,3255,2035,5905,1855,2698,3083,6950,3244,1082,1831,1673,562,3274,341,789,2778,2027,1266,2879,666,2247,5574,1234,5268,2420,34974,2563,3346,3297,3731,1392,2322,2736,3796,8756,930,2871,2188,4384,3785,4289,2797,5232,9983,8389,10012,4204,5006,7078,1212,3127,14221,162,99,3920,26,3146,770,10419,209,0,72,0,297,237,43,52,90,56,50,42,0,0,1,219,0,3906,1173,2244,478
hsa-miR-183-3p,162,62,55,47,0,1162,153,574,90,269,45,59,211,65,27,49,273,56,218,66,12,48,164,170,0,0,0,0,27,0,0,0,0,0,0,235,0,0,0,305,0,0,659,0,0,0,0,0,0,0,0,0,0,50,23,72,15,0,0,18,0,0,0,0,0,0,0,0,0,0,0,0,0,0,0,0,0,0,0,0,0,0,0,0,0,0,0,0,0,0,0,0,0,0,0,0,0,0,0,0,0,0,0,0,0,0,0,29,0,0,0,3,0,0,0,0,0,0,0,0,0,0,0,0,0,0,0,0,0,0,0,0,0,0,0,0,0
hsa-miR-183-5p,380,194,1329,306,319,5343,164,2238,68,885,188,550,987,372,275,151,1349,1143,1099,632,257,152,365,866,3989,2398,1009,3554,627,0,1024,17834,11687,25558,7845,31758,11787,19426,10713,16611,17569,5385,10813,13592,11335,36769,3872,192,856,0,683,1104,2623,962,5997,7313,4454,2335,1825,3046,1164,1664,2206,4613,1957,754,685,1376,361,2366,347,321,1525,1404,1599,1050,380,1156,2759,872,4279,1459,30378,1621,3189,1712,3380,747,1312,2190,1918,7643,1847,2886,1495,2895,1809,3185,1540,2659,5705,5104,6566,4413,2769,4203,601,1851,13854,242,67,3473,0,3874,981,10930,0,0,0,0,361,119,58,24,0,27,0,0,0,126,0,0,128,3297,728,3065,204
hsa-miR-184,32,18,0,0,0,41,0,0,0,0,0,0,0,17,0,0,143,0,11,64,0,36,34,72,0,59,77,237,0,692,49,304,96,233,667,187,285,398,1381,337,94,50,282,921,1788,260,2730,634,3196,667,335,1024,37,612,0,27,51,0,191,407,33,0,431,497,60,113,0,1266,417,113,16,0,0,30,542,61,0,103,392,207,59,0,0,63,0,986,275,0,154,28,0,471,115,23,105,311,399,81,0,61,306,289,0,224,30,42,0,314,153,0,296,0,0,172,301,270,99,0,2409,72,122,961,0,0,142,78,0,258,334,0,0,0,495,333,198,509,0
hsa-miR-1843,80,0,42,48,42,633,168,213,0,260,94,131,85,53,84,51,165,151,93,177,65,47,57,72,68,59,0,0,49,0,0,341,91,234,385,0,169,0,174,0,0,0,0,160,343,585,176,0,0,0,0,0,8,10,0,0,0,0,0,122,0,145,0,0,0,0,0,48,0,0,0,0,0,77,24,0,0,0,0,0,22,0,134,98,72,49,22,0,227,35,0,0,0,50,0,0,0,0,172,0,0,56,63,0,75,50,0,149,118,0,0,35,0,0,0,18,0,0,0,0,0,0,0,0,0,0,0,0,0,0,138,0,0,8,22,1,84
hsa-miR-185-5p,70510,7541,36961,31102,20172,315571,24382,113299,6623,70848,15511,38236,68745,22403,10977,17924,102667,61096,48485,39112,26908,14384,27023,57822,3585,2722,1294,4482,708,0,211,4624,7396,15395,3441,7572,2972,3189,6146,4404,3603,1819,3067,5926,3133,15252,2559,0,0,1,1045,293,1250,852,3036,2796,3764,4743,1172,5049,1442,1414,1497,3045,1680,908,414,1044,644,2428,407,226,1433,1790,1776,2574,270,976,2697,1106,1918,1650,12147,1771,3595,7204,4221,789,3545,2361,5248,11302,2404,4382,1019,3071,3501,2281,1744,2758,3114,3071,2367,2691,1736,2595,473,2285,6312,0,0,2272,0,3882,857,6489,0,266,0,10,30,150,1,126,1,1,91,0,0,59,188,0,81,3620,1006,2100,198
hsa-miR-186-5p,750,50,226,365,339,3471,610,1281,43,1281,270,485,771,202,115,254,1210,550,468,525,324,155,59,794,2023,1743,418,2361,1544,0,216,2421,6646,16315,3613,7112,4577,3922,5658,4338,4078,1645,1712,4043,3322,10015,2035,0,0,0,380,95,735,404,941,1101,2278,1332,547,4799,404,578,782,1093,940,374,247,341,111,1352,81,4,542,542,535,409,165,429,1179,301,1095,913,6223,1524,2418,3500,2824,486,4706,1885,1601,7278,1378,9180,827,2708,1301,665,636,1297,1066,2089,1208,884,1152,1370,197,584,4422,57,0,2170,30,2359,488,6623,52,56,55,13,109,120,0,0,0,0,36,43,0,0,452,58,0,1692,599,2099,78
hsa-miR-18a-3p,0,0,0,0,0,10,0,0,0,18,0,0,0,0,0,0,7,0,0,0,0,0,0,0,150,37,4,252,0,0,0,0,172,1717,106,1159,0,727,30,105,88,398,407,654,200,369,41,0,0,0,0,0,28,40,106,0,175,97,38,158,164,0,170,181,156,0,13,0,0,68,0,0,40,0,48,40,0,0,189,20,149,72,390,47,146,139,262,31,108,167,140,68,0,93,0,0,37,0,0,55,76,145,37,70,40,116,0,0,385,0,0,196,0,107,60,509,0,0,0,0,0,0,0,0,0,90,0,0,0,0,0,0,0,131,44,5,0
hsa-miR-18a-5p,472,55,272,132,75,4894,117,1088,44.5,821,38,398,435,107,51,177,973,372,340,284,146,124,265,327,115,53,59,0,44,0,0,75,340,698,311,11,0,87,0,0,421,0,207,89,247,164,302,0,0,0,0,0,0,66,26,176,0,0,0,82,0,67,22,194,104,12,28,0,0,0,0,0,44,0,0,146,0,0,210,0,172,0,337,1,35,376,47,14,138,13,222,376,90,5,21,0,13,129,86,47,113,32,84,43,0,29,22,0,136,0,0,52,0,68,0,194,0,0,0,0,0,0,0,0,0,0,0,25,0,0,0,0,0,38,0,180,0
hsa-miR-18b-5p,0,0,17,71,0,508,44,86,0,75,0,118,23,60,0,54,36,36,27,0,19,0,25,97,0,0,0,0,0,0,0,0,0,44,0,0,0,0,0,0,0,0,0,0,0,0,0,0,0,0,0,0,0,0,0,0,20,0,0,0,0,0,0,0,1,0,0,0,0,0,0,0,0,0,0,0,0,0,0,0,0,0,183,0,0,0,0,0,0,0,1,0,0,0,0,0,13,1,0,0,0,0,0,0,0,0,0,0,0,0,0,23,0,68,0,0,0,0,0,0,0,0,0,0,0,0,0,0,0,0,0,0,0,0,0,0,0
hsa-miR-1908-5p,1981,170,1006,998,851,2593,446,883,69.5,1352,119,2346,924,728,263,73,1039,541,647,318,1120,96,354,691,141,12,36,0,23,0,0,62,42,0,0,37,0,0,156,120,802,0,0,0,349,392,132,0,0,0,0,75,0,120,214,0,59,288,0,228,0,126,74,76,43,0,0,0,0,0,12,0,0,21,44,65,0,0,32,0,115,0,112,76,0,0,14,0,160,3,0,0,0,259,0,339,60,0,0,83,0,62,0,17,15,54,0,0,64,0,0,45,0,56,0,117,0,0,0,0,0,0,0,0,0,0,0,0,0,0,0,0,0,65,27,0,0
hsa-miR-191-3p,51,15,57,45,27,416,156,69,0,109,25,69,34,89,45,30,0,30,54,0,24,34,0,69,41,37,57,0,0,0,0,0,57,49,182,95,80,0,0,0,0,0,0,78,0,217,0,0,0,123,0,0,0,0,0,0,151,0,9,103,0,63,0,0,14,0,0,0,0,0,20,0,0,52,28,0,1,0,42,21,18,0,0,13,0,0,0,51,130,10,72,0,37,236,0,0,0,19,0,0,0,61,0,0,38,58,0,90,0,0,0,0,0,58,0,59,0,0,0,0,0,0,0,0,0,0,0,0,0,0,0,0,0,0,0,56,0
hsa-miR-191-5p,43583,2821,47365,20797,8144,186506,13168,77022,1164,37185,6101,26748,70940,12466,3250,9945,84353,22196,62750,20572,16053,6209,8874,63423,8774,6636,3948,8030,4176,644,2110,21819,31079,116135,21811,48342,22862,37599,23063,21653,23475,10279,19678,42819,21931,53273,12812,481,1078,389,2725,940,3636,4442,9658,7415,9398,4218,3656,16405,2479,4229,3050,6969,5724,2089,1200,4013,1349,4203,1053,663,2281,2171,2985,3564,618,3435,5729,1494,3843,3866,20059,3434,6785,13659,8547,2060,21494,5220,6499,16247,2867,19799,2674,8840,5955,4159,2455,4725,4253,8011,8120,4474,6495,8471,2131,3924,11061,989,282,5787,184,8432,2447,16281,385,585,93,187,649,580,262,125,335,309,138,140,94,1177,938,860,365,4480,1688,8657,1145
hsa-miR-192-5p,144,53,229,256,212,960,75,330,0,585,75,286,326,403,0,116,410,403,321,128,204,136,175,210,1335,1086,295,1920,634,0,0,2029,3665,8940,4674,5190,3211,1307,2870,1804,2046,1833,1439,2951,1845,10678,4010,0,95,0,586,90,1108,1066,2178,919,2658,2719,800,1607,99,317,661,1965,1145,1033,199,803,431,1478,151,0,472,665,389,696,274,712,910,275,1304,1263,5126,1141,1672,4150,2417,530,1866,676,2711,4674,1064,1830,1460,5387,1022,768,528,1139,870,1422,1680,1016,907,1050,468,961,2066,0,0,2208,0,1795,508,5396,18,0,0,48,0,57,0,0,1,0,0,193,0,63,0,67,0,1228,366,1871,186
hsa-miR-193a-5p,2369,614,2868,1547,2818,5416,1703,1875,423,3759,340,1851,3384,4529,1176,387,1281,1041,1515,1055,5036,1054,1092,1705,200,284,306,127,177,0,103,1820,1972,2236,1337,1239,1447,491,847,372,2093,245,510,138,259,1799,1865,0,0,0,205,0,371,348,317,0,651,377,235,361,72,129,142,176,276,321,19,426,78,311,2,0,26,237,269,82,13,116,332,157,179,163,448,134,298,711,405,0,679,36,570,416,743,1077,298,791,268,289,226,17,85,246,253,271,277,392,0,155,1885,0,0,793,74,171,131,376,0,0,0,0,0,0,39,0,0,0,183,0,0,122,0,89,0,165,308,263,1
hsa-miR-193b-5p,368,209,1222,489,931,672,507,80,269,802,21,708,2945,815,154,60,239,223,440,119,1504,230,323,368,71,24,0,0,23,0,0,28,258,420,0,66,63,258,0,0,341,249,0,0,627,101,253,0,0,0,0,95,67,29,0,0,0,0,26,0,0,73,40,9,0,52,0,0,34,1,48,0,0,27,0,0,0,73,1,26,126,176,365,88,2,248,75,2,0,0,0,61,144,0,82,163,20,110,0,0,43,0,0,78,47,56,0,36,92,2,0,158,107,0,36,31,0,0,0,0,59,0,100,62,0,0,102,2,0,0,0,0,0,4,82,0,0
hsa-miR-194-5p,163,0,362,177,26,756.5,81,140,37.25,344,73,153,146,270,37,116.5,201,145,155.5,222,96,37,38,240.5,281,274.5,47,720.5,153,0,168,1520,1377,4314,1750,3277.5,1026,919,1095,1157.5,570,657,976.5,1743.5,208.5,3936.5,1729,110,0,0,0,0,508,499,553.5,367,676,272,278.5,173,175,69,107,294,397,106,0,0,19,127,35,0,60,156,106,151,0,20,246,162,300,238,407,390,643,488,609,165,747.5,333,1050.5,1017,246,726,289,1174.5,0,221,206,123,391,376,296,198,225,212,779,62,859,0,32,283,66,308,91,1756.5,0,0,0,5,0,0,77,0,0,0,0,30,24,0,21.5,0,0,261,30,404,102
hsa-miR-195-5p,373,23,454,363,143,1975,429,760,62.5,541,178,350,670,169,29,225,1056,487,562,714,154,121,192,606,14,27,7,15,2,0,0,15,197,224,43,21,12,77,17,13,629,6,22,27,8,96,6,0,0,0,42,0,99,9,11,10,10,14,3,7,3,9,11,9,18,4,1,4,1,7,0,0,2,4,7,3,3,5,45,7,14,9,23,7,5,17,52,0,81,13,13,354,95,24,16,195,46,19,3,10,4,69,18,7,5,51,49,9,131,0,0,44,0,97,30,52,31,0,0,0,47,0,0,0,0,0,0,0,69,21,1,0,0,17,1,141,5
hsa-miR-196b-5p,452,43,52,108,0,797,127,166,26,588,34,236,104,50,106,21,117,105,52,36,100,120,125,221,0,60,38,44,0,0,0,61,0,480,363,55,321,0,0,74,0,0,329,62,62,81,0,0,0,0,0,0,0,0,0,0,4,0,40,119,19,71,31,137,0,0,0,0,0,0,0,0,0,0,34,0,0,33,0,0,61,0,0,0,0,0,0,0,88,0,0,0,0,61,29,0,0,9,0,0,0,98,28,0,0,0,0,0,110,0,0,21,0,21,0,9,0,0,0,0,0,0,0,0,0,0,0,0,1,0,0,0,0,15,0,0,0
hsa-miR-197-3p,138,30,213,275,108,857,120,668,0,405,63,201,574,180,0,23,338,39,204,15,154,71,68,301,804,534,498,388,149,0,100,1623,2113,3037,1787,3609,1288,3814,2158,2464,1918,1070,1733,2212,3265,2628,0,156,589,0,68,168,1223,449,439,844,878,661,263,127,369,593,363,293,435,165,45,310,86,691,46,233,337,101,232,169,114,187,469,205,358,513,3192,542,1017,2357,631,191,318,879,784,2398,527,678,362,1005,433,419,198,296,277,294,258,430,202,341,55,279,62,0,72,378,0,571,235,1910,333,0,0,0,104,134,33,41,37,5,0,32,0,0,0,251,16,395,175,1043,61
hsa-miR-197-5p,51,0,25,47,57,188,0,223,0,168,0,5,92,0,24,0,68,37,99,86,85,0,93,157,0,0,0,0,0,0,0,0,0,0,0,0,118,0,0,0,0,0,0,0,0,33,0,0,0,0,0,0,0,0,0,0,0,0,30,0,0,0,124,27,0,11,0,0,0,0,0,0,0,0,0,71,0,0,0,0,17,0,0,0,0,0,57,0,0,0,0,0,0,0,0,0,0,0,0,0,0,0,0,0,0,0,0,0,0,0,0,0,0,74,0,0,0,0,0,0,0,0,0,0,0,0,0,0,0,0,0,0,0,0,0,0,0
hsa-miR-199a-3p,737,347,959,932,553,9234,637,1647.333333,153,1816,196,1407,1412,1043,520,234,1583,1364,370,1404,1233,339,237,1207.333333,643,807,266,1298,551,102,0,743,1377,1893,874,940,908,590,1176,954,226,151,331,567,502,1059,596,0,0,0,648.3333333,129,714,531,1023,1099,2364,352,393,4923,72,438,452,625,692,211,16,716,21,944,0,0,281,210,776,332,63,285,821,277,322,338,653,602.6666667,542,2146,478,229,9069,1455,999,7401.333333,2360,6583,1257,1631,253,189,87,268,198,539,264,344,323,719,665,41,2134,175,0,483,1,1088,692,3247,0,396,61,53,85,0,48,25,0,69,0,28,126,326,505,496,431,357,184,1345,129
hsa-miR-199b-3p,737,347,959,932,553,9234,637,1647.333333,153,1816,196,1407,1412,1043,520,234,1583,1364,370,1404,1233,339,237,1207.333333,643,807,266,1298,551,102,0,743,1377,1893,874,940,908,590,1176,954,226,151,331,567,502,1059,596,0,0,0,648.3333333,129,714,531,1023,1099,2364,352,393,4923,72,438,452,625,692,211,16,716,21,944,0,0,281,210,776,332,63,285,821,277,322,338,653,602.6666667,542,2146,478,229,9069,1455,999,7401.333333,2360,6583,1257,1631,253,189,87,268,198,539,264,344,323,719,665,41,2134,175,0,483,1,1088,692,3247,0,396,61,53,85,0,48,25,0,69,0,28,126,326,505,496,431,357,184,1345,129
hsa-miR-19b-3p,0,0,28,70,0,133,0,48,15,51,0,0,26,0,0,0,86,25,38,0,0,0,0,21,33,226,0,206,60,0,0,342,740,1050,109,598,109,267,535,185,58,343,256,28,0,1039,217,0,0,0,87,32,0,0,203,246,172,0,62,257,0,30,86,280,102,87,22,69,0,48,0,0,16,16,0,62,0,16,263,96,47,68,341,26,195,248,192,17,191,63,147,450.5,0,0,23,117,222,59,44,55,1,241,115,23,49,160,14,165,364,0,0,31,0,130,97,235,0,0,0,0,0,0,0,0,0,0,33,0,0,0,0,0,0,115.5,63,259,0
hsa-miR-200c-3p,71,23,130,50,0,699,69,236,0,58,0,40,135,70,0,0,172,61,14,136,50,12,0,28,4,0,0,0,71,0,0,346,0,714,93,0,0,275,0,0,79,46,0,82,54,190,0,0,0,0,0,0,25,23,0,0,0,0,0,71,0,0,0,0,0,0,0,30,0,0,0,0,0,0,0,0,0,0,16,55,0,68,0,0,0,0,133,0,6,0,149,0,311,115,0,458,0,0,0,0,0,0,59,0,0,0,34,0,0,0,0,26,0,95,0,173,0,0,0,0,0,0,0,0,0,0,0,0,0,0,0,0,0,0,0,0,0
hsa-miR-206,230,427,515,197,342,2406,327,17,0,2506,18,2226,59354,1555,1040,78,542,216,521,173,163,374,398,1181,1,0,0,0,0,0,0,0,7,3,9,0,0,0,0,4,0,0,0,0,1,19,0,0,0,0,0,0,1,1,0,0,0,0,0,0,0,0,0,0,0,4,0,0,0,0,0,0,0,0,0,0,0,0,0,0,0,0,0,0,0,0,0,0,0,0,0,15,0,0,0,0,0,6,0,0,2,0,0,0,0,0,2,0,0,0,0,0,0,0,0,1,0,0,0,0,0,0,0,0,0,0,0,0,0,0,0,0,0,3,0,0,0
hsa-miR-20a-5p,6020,1059,4274,5074,1517,46314,2331,14850,274.5,12773,1562,4630,8934,2935,1465,3185,16999,8296,4945,8520,3140,1763,2552,6933,274,339,0,460,62,0,0,60,757,1609,235,567,343,6,178,189,697,188,199,0,278,690,417,0,0,0,0,127,94,68,90,0,286,131,167,460,132,130,111,286,43,0,27,130,139,0,44,106,110,186,46,147,69,0,150,0,217,380,441,281,10,194,141,97,462,181,561,541,43,183,60,226,148,84,131,0,389,281,63,120,152,167,113,112,226,0,0,205,0,144,84,268,0,0,0,0,63,0,0,64,0,0,0,0,0,0,61,96,0,21,149,0,0
hsa-miR-20b-5p,6829,1051,4250,4025,1537,36253,2070,8816,670,13121,2260,7028,8934,2802,826,3293,19039,6051,6667,8399,2724,1747,3170,6560,42,98,0,95,14,0,0,76,403,612,0,158,0,121,0,0,3,1,0,102,0,282,98,0,0,0,0,0,0,1,0,123,56,15,73,120,96,0,0,28,0,0,0,0,0,0,0,0,26,34,0,61,0,24,59,11,10,1,136,11,0,0,0,0,16,102,0,0,55,43,41,0,73,0,0,25,47,0,2,1,24,19,0,0,69,0,0,0,0,50,0,18,0,0,0,0,0,0,0,0,0,0,0,0,0,0,0,0,0,0,23,37,0
hsa-miR-21-5p,5359,792,2526,4445,2958,28624,3701,9068,764.5,8765,1472,3475,5521,4369,973,1692,7292,4742,2593,4032,3196,1649,2104,5157,38794,29115,11284,36839,21004,2477,799,28255,56319,95203,39564,54019,31120,28781,37100,26474,31601,13853,21256,29739,26633,81141,15670,2940,3093,637,8784,4661,31404,19276,32011,25092,43803,22857,15622,80861,8172,9739,12839,30175,19699,11209,4730,11892,6657,25256,4437,1348,8255,10028,10007,8914,3635,6456,18575,6405,19837,13798,72546,22859,29558,62684,30326,7332,99004,16680,26833,54922,15303,89132,18107,57003,12357,14871,6893,8357,15044,18276,13447,13015,12730,22036,12372,16838,34514,5377,1110,19515,967,31124,12044,86535,2042,1510,939,1200,3181,3386,780,1526,1603,755,1922,830,977,3517,6648,4790,2115,21509,10861,28008,4713
hsa-miR-210-3p,632,101,275,323,185,3409,383,597,39.5,643,131,147,372,156,49,131,587,306,265,252,129,103,143,236,41,26,0,0,24,0,0,89,329,34,0,92,161,0,0,0,0,0,0,60,0,637,1255,0,0,0,0,0,0,0,0,15,0,0,79,52,0,0,0,20,27,0,0,0,0,112,0,0,0,0,0,26,0,6,25,0,0,0,199,0,0,0,0,0,0,48,0,0,0,0,0,123,0,0,0,53,96,0,13,1,29,0,0,0,0,0,0,36,0,0,0,0,0,0,0,0,0,0,0,0,0,0,0,0,0,0,0,0,0,0,15,187,0
hsa-miR-2110,1314,175,641,1374,293,3284,804,2199,143.5,1950,366,1496,1793,622,386,315,1261,814,1012,1319,791,474,1084,1128,269,236,87,92,103,287,142,456,2262,3015,1570,937,318,1553,235,1087,400,574,264,1118,454,3578,0,0,0,0,0,43,249,67,285,585,499,491,159,498,45,100,176,178,343,75,0,442,0,202,62,0,0,280,244,118,0,0,286,59,117,0,1385,65,466,537,498,76,339,53,422,158,161,125,53,485,128,305,177,208,23,354,383,448,244,249,323,181,902,0,0,394,0,888,126,1153,0,0,0,0,0,0,0,0,0,24,0,0,14,0,0,0,0,587,256,298,108
hsa-miR-215-5p,2,0,0,0,0,6,1,0,0,5,0,2,3,40,41,0,1,0,0,0,1,0,1,1,124,11,42,193,27,0,0,478,948,710,1096,340,0,1,89,245,0,81,57,175,1,453,2,0,0,0,0,0,661,79,156,87,898,91,91,31,108,31,58,333,393,203,0,31,0,556,40,0,107,109,0,62,61,25,37,79,220,85,505,137,169,495,35,6,432,31,679,395,172,0,65,1041,59,452,180,68,0,81,248,155,179,0,1356,211,342,123,64,13,18,148,45,1844,0,0,0,35,0,190,0,14,0,0,0,0,0,0,0,0,0,134,41,0,0
hsa-miR-22-3p,1454,138,1193,660,547,7092,422,2274,228.5,2099,566,836,2770,633,358,417,2858,1516,1202,1420,1182,400,549,1436,16153,15675,3558,17713,9304,3069,651,28878,43869,93135,37264,55065,39025,43195,38676,44568,37222,21576,38610,56342,27607,81352,17843,3984,4140,299,4140,2849,10523,6744,20521,16186,19173,12769,6539,18094,6040,7861,6299,12829,8043,5676,2772,7123,2507,6338,2363,308,6226,5797,6599,8887,2520,5892,11972,3631,8059,7862,67648,11423,14307,33239,25841,3577,23652,9032,15479,36251,11237,18080,7816,17157,8910,9126,5401,4803,9858,12537,10876,7082,6430,9959,4082,9832,27716,1814,24,11373,497,15709,4946,31944,358,394,137,375,1248,2324,560,405,535,577,800,169,406,1937,1150,2832,368,9647,3775,14295,2473
hsa-miR-22-5p,124,35,52,56,60,520,49,112,73,176,63,215,229,32,26,25,240,58,26,205,34,0,161,84,0,57,0,0,0,0,0,0,0,192,37,0,0,0,18,233,54,0,0,0,138,44,0,0,0,0,0,0,61,29,86,0,58,0,0,196,50,0,0,31,0,0,0,25,0,0,0,1,0,36,55,0,0,25,18,13,3,82,177,172,113,34,116,0,283,41,0,0,125,107,0,100,99,0,0,0,52,40,27,0,0,0,0,0,157,0,0,30,0,0,0,54,0,0,0,0,10,67,0,0,0,0,0,0,0,0,0,155,0,4,47,167,0
hsa-miR-221-3p,511,111,278,476,331,5098,473,1600,276.5,1130,89,413,387,485,253,102,487,313,146,612,590,142,89,292,925,1397,406,259,1837,0,0,724,1451,2044,712,1421,562,686,541,1030,123,143,681,971,357,1286,493,0,287,0,154,192,743,555,1037,329,1542,1244,482,11735,365,1166,125,1164,1572,124,188,1053,307,218,143,82,253,257,951,547,172,279,1372,265,516,350,1692,477,724,1670,683,284,13673,861,1047,1564,370,7802,363,1537,417,393,174,387,258,1029,407,517,257,1490,110,556,1326,4,1,442,0,999,182,1970,0,94,0,32,192,15,20,122,12,0,0,46,0,199,240,99,120,535,298,603,48
hsa-miR-222-3p,25,0,0,0,0,196,0,4,0,7,0,0,17,21,0,0,0,37,0,53,28,0,0,33,1788,954,953,523,1308,1,163,1536,1792,2996,1125,2425,847,809,1466,2302,1094,708,714,987,415,3600,825,0,164,0,294,133,282,285,1824,618,1343,916,481,6643,388,490,465,1214,955,375,184,804,251,841,101,109,592,833,597,818,245,410,1471,351,529,243,1584,1016,791,2239,797,215,6741,798,526,1705,383,2983,639,896,544,534,466,394,326,858,431,943,623,1531,551,409,1803,158,0,572,168,851,267,2061,207,19,49,0,28,165,29,38,42,0,0,48,52,55,194,26,33,117,248,568,501
hsa-miR-223-3p,4470,1238,7038,5383,1250,31162,4615,20514,427,7048,1361,4728,12527,3900,1304,1139,13025,2190,7381,3215,3366,1403,1378,5115,3718,2903,3689,1689,8135,0,691,15627,9066,18447,4756,8601,4277,15199,8970,10426,13970,1707,5641,4677,5475,12470,1307,93,460,233,1012,181,1149,1989,3735,2185,5123,4374,1142,23968,1008,2466,874,3597,2452,157,216,3003,429,3236,177,0,886,974,1318,771,17,982,4150,574,1620,897,5509,1626,2298,5070,2079,471,27700,3468,2645,11777,1030,63803,1335,9424,1380,698,918,969,1975,1874,1972,994,1162,3340,290,893,3337,0,103,1992,0,3449,976,6622,36,313,33,48,0,73,20,83,0,100,46,75,57,117,407,1018,111,1621,1032,5417,973
hsa-miR-223-5p,1495,287,2281,1610,809,8271,2168,2236,436.5,2100,143,1726,4832,1212,1013,287,3120,847,1984,1118,1756,576,434,1852,159,207,113,139,373,0,0,186,65,727,169,209,0,178,322,470,0,0,140,275,608,619,125,0,0,0,32,0,272,155,255,212,671,232,139,951,34,80,109,46,116,0,0,160,0,194,33,0,28,21,18,25,34,63,256,0,169,21,645,108,61,276,106,36,810,135,148,476,123,2282,13,419,111,109,211,94,230,178,186,231,52,108,6,81,97,0,0,62,26,264,0,387,0,0,0,0,0,0,0,0,0,0,0,0,0,0,230,0,0,40,54,236,30
hsa-miR-224-5p,430,40,193,142,0,2131,238,125,0,310,29,48,50,109,0,0,106,76,87,110,166,58,0,242,581,16,45,43,67,0,0,178,0,34,24,249,0,335,103,0,0,0,274,0,0,0,0,0,0,0,42,0,41,0,148,0,244,175,0,598,187,125,209,41,195,0,0,0,0,0,0,51,0,61,77,47,0,94,80,9,0,0,0,15,7,321,248,0,257,42,43,593,41,823,295,509,72,69,0,69,0,58,114,0,89,185,28,0,136,0,0,157,0,0,73,245,0,7,0,0,0,0,0,0,0,0,0,0,0,0,0,5,0,93,0,118,0
hsa-miR-23a-3p,454,158,441,658,576,4068,626,1422,65,1098,244,502,975,668,250,158,1300,598,425,791,444,247,191,704,6605,6537,3976,2752,5639,130,30,6335,9184,15763,6689,8839,4673,4997,11215,4719,9340,1695,3780,3735,3922,15636,4111,1079,850,249,2041,329,4142,4397,6534,3973,8715,2759,2933,19005,1810,4169,1761,5628,5719,1110,805,4718,714,4246,378,389,2110,1936,3044,2126,461,1694,5586,1196,2256,2523,11066,3502,4365,9736,3995,1858,24438,4418,4610,13759,2996,28690,2541,8375,2437,2155,1001,1501,2384,3860,2090,3005,2435,5037,1769,3217,6564,1200,171,3058,436,5005,1865,11939,395,1636,49,186,433,470,106,207,295,12,459,112,355,1224,905,1454,1157,2979,1320,4990,1397
hsa-miR-23a-5p,48,0,0,0,3,38,0,24,0,0,0,0,0,0,0,0,34,0,26,0,21,0,0,0,208,104,0,52,52,58,0,0,60,311,0,0,0,0,157,64,502,0,0,145,51,146,259,0,0,0,0,0,106,13,0,0,87,0,102,286,61,104,41,83,207,0,50,319,28,227,0,0,114,0,148,18,0,163,122,0,116,0,280,73,0,163,184,41,42,0,49,7,102,194,32,4,182,43,0,0,0,31,51,94,0,96,42,0,202,0,0,103,0,0,51,300,0,0,0,0,31,0,23,13,0,0,0,0,0,0,0,0,0,35,57,121,110
hsa-miR-23b-3p,159,0,27,46,96,450,74,123,30,109,0,73,103,93,70,38,146,36,84,67,63,96,2,14,541,919,793,748,577,86,0,1093,1391,3042,1502,2376,555,1461,1733,1146,1503,188,1019,327,651,2885,857,78,349,62,411,85,751,603,831,453,982,716,694,2563,90,397,328,821,607,314,218,205,236,677,22,0,213,288,498,376,174,262,782,277,514,190,1276,328,586,2438,866,380,2896,261,926,1057,121,1273,314,1098,194,438,113,90,142,305,427,297,664,663,551,629,1034,405,287,419,179,1205,263,2208,497,132,123,137,17,181,107,142,61,0,123,81,113,522,144,181,1,511,369,647,305
hsa-miR-24-3p,4561,1051,7097.5,4866,2112,48040,2873,11460.5,519.75,9136.5,2036,5538.5,8225,4598,1547,1079.5,8925,6000,4519,4399,4560.5,1782.5,1599.5,3963,10318,10812,5869,11183,14833,877,239,39895,47007.5,73873,35617,42367,28734.5,37880,40841,36934,53036,19216,26804,29721,32935,95073,22900.5,2296,3954,343,5284,938,13677,11298,19998,13536,21096,13254.5,7755,36255,3456,7005,6698,12921,10668,3515,2196,9924,1561,10000,1531,519,4255,4596,8392.5,6884,1324,3857,13208,2403,7601,8214,39685,9450,12004,23101.5,13861.5,4245,75459.5,10827,12321,28332,8624,46946,5255,18990,4991,5091,3992,4158,5821,9163,8399,8588,4949,12486,3896,6686.5,17018,2474,393,9984,378,15392.5,6038.5,30025,440,1660,403,275,679,1050,478,654,438,306,312,266,145,1957.5,1794,2744,798,9751,3527,15822,3195
hsa-miR-25-3p,8128,2150,3960,6396,3164,15691,4827,9046,1172,12690,2695,5864,7632,3878,2376,1893,10851,6856,4962,7361,2762,2161,3221,4689,34459,28016,11864,31612,16599,40,2255,33199,59362,155805,38733,58302,29870,42736,43457,37769,37109,17108,22031,36557,37903,101444,24908,359,132,175,8133,9181,7681,7129,29264,19982,25294,23550,19090,58191,15237,17119,10563,32009,18209,6300,7432,13124,5531,11868,3183,1473,18488,13603,11638,13802,5036,13099,33368,9277,24213,10181,85019,17675,24805,37612,33352,4649,34399,21189,28523,65117,13929,65972,8717,21693,22007,19819,9051,14202,17205,29100,18450,12891,16915,25341,5442,16338,75821,115,82,18435,172,23790,5405,34886,240,435,207,6,845,406,151,114,21,391,402,7,101,402,181,416,130,17140,11270,16525,3360
hsa-miR-25-5p,330,51,378,143,87,822,110,680,70.5,402,0,240,320,150,93,51,248,198,301,415,114,55,78,337,0,191,19,93,46,0,0,0,154,382,307,165,434,180,307,0,2,0,0,205,0,260,0,0,0,0,0,51,88,32,76,257,123,0,0,27,0,0,22,137,0,0,0,86,0,0,53,0,0,0,0,85,82,26,24,0,0,19,0,0,154,105,45,55,130,83,61,384,0,92,0,62,0,0,0,16,43,88,0,119,16,27,15,72,0,0,0,93,0,0,0,255,0,0,0,0,0,0,0,0,0,0,0,0,0,0,0,0,0,83,0,0,0
hsa-miR-26a-5p,39263,3600,46255.5,17892.5,7356.5,367631.5,18795,138260.5,1241,43239,6505,35837.5,64201,16135,4649,13471,73655,18912,37317,28467,30701,9699,8722,35359,9395,9092.5,6674,5431,6812,543,1162,16723,30659,79659,19400,31958.5,16322,23433,22283,13907,13208.5,6762,12835,18777.5,15010,39204,9789.5,932,1734,1649,4213,1412,4712.5,5630.5,9433.5,6058,9230.5,3944,5099.5,37825.5,2196.5,4183,3392,9184.5,7220,2107,1588,6713.5,1173,5546,998,581,2446.5,2118,4181.5,3145,740,2885,6947.5,1474,5263.5,2666.5,9568,3378,4321.5,10305,3919,2167,30939.5,5005,7020,9332.5,3169,22338.5,2700,8539,5960,3121,2524,3665,5000,10522.5,6437,4659,6725,14904.5,5960,4737,10694,2551,1237,4772,916,8029,1989.5,26191.5,1316,1614,273,956,380,1186,876,922,789,498,383,369,486,1254,1824,2574,1202,4512,2536.5,9355,2342
hsa-miR-26b-5p,56921,6031,73515,27361,6194,439661,20599,118968,1933.5,84125,10462,52266,102788,22519,7730,24291,117805,38660,63271,41555,32445,10603,17805,62403,3384,4414,3132,3072,2388,60,177,10069,16771,50713,10320,14026,9105,10547,6478,6913,6485,3446,9075,6742,11219,23899,5909,0,654,1,1344,452,1268,1821,3023,2203,2540,1752,2129,10243,823,1406,1520,4678,3803,597,729,2243,403,3132,691,189,1399,1920,1291,1845,253,2052,3479,943,3058,1281,5938,1834,1530,3584,2564,505,6763,1933,2385,5547,1584,9228,943,4469,2997,2218,2415,3562,3930,6037,4353,3181,4150,5350,1353,2265,6046,586,66,2727,118,4136,928,10453,587,156,304,303,21,265,274,224,380,210,155,129,212,389,487,595,422,2325,1554,3556,1052
hsa-miR-27a-3p,159,0,196,189,181,3816,218,425,33.5,582,61,242,544,328,70,63,495,417,116,137,131,134,87,388,3005,2623,1167,2713,3722,268,135,5998,7076,11244,5132,7783,4098,5251,5219,3565,4989,1840,1881,3552,4819,9938,2427,315,946,0,1582,596,4538,2425,2564,2495,3547,3294,1501,5134,815,2165,1391,1812,2715,1773,307,1130,302,3267,626,207,778,1140,1524,1163,668,801,1830,744,2130,1386,6671,1503,1760,5202,3827,744,6805,1509,2384,7476,2397,8259,1939,7908,1315,1874,1091,987,1829,1946,1308,1675,1608,1853,1157,1998,3708,457,99,2713,107,2912,1117,6577,371,755,182,332,270,511,126,122,406,40,95,139,93,966,928,1365,190,1340,1043,3424,774
hsa-miR-27b-3p,56,55,155,98,0,1109,202,248,0,347,99,158,417,99,63,47,385,412,99,222,139,87,214,174,2343,1829,944,2212,963,74,77,3573,4922,6095,3552,4599,2033,3152,2871,2261,4300,972,651,2743,3655,7992,3091,322,903,1,845,533,3418,1859,1902,1969,2391,2151,992,4022,321,1072,685,1176,2068,1320,351,476,149,2004,579,1,574,725,1361,636,368,659,1383,456,1798,1465,4280,1342,1477,4903,3488,517,6216,827,2367,5769,3316,4463,1571,8216,682,1637,676,656,1123,1479,1258,1088,1096,1159,613,1716,2754,701,47,2177,112,2164,809,5707,283,621,93,113,320,274,102,88,534,86,59,248,15,1085,845,1257,243,1007,655,1698,759
hsa-miR-28-3p,945,173,1086,835,358,7572,900,1913,53.5,1089,62,1098,1680,1033,247,228,915,613,709,333,802,365,323,1073,1067,401,274,422,994,0,0,206,624,724,343,1668,326,623,1544,386,211,37,613,783,259,1134,521,123,234,0,292,51,64,335,574,438,792,765,84,4730,340,389,108,1008,809,111,271,785,62,366,165,0,221,158,585,247,0,440,610,130,42,128,973,534,369,997,324,245,4388,525,505,1436,611,4753,135,1534,371,327,184,398,119,485,354,133,562,755,447,241,1388,145,59,258,30,587,50,1235,0,0,0,0,8,62,19,0,0,0,0,72,72,92,28,0,64,468,155,474,39
hsa-miR-28-5p,94,11,116,77,51,1603,31,728,0,198,6,158,129,26,35,17,222,263,154,126,33,3,41,147,279,177,121,209,254,0,0,258,203,696,154,432,96,3,2058,225,475,98,215,208,2,549,511,0,0,0,60,0,178,176,166,226,367,181,42,1274,149,69,98,125,232,31,13,442,0,0,0,0,17,131,173,0,0,0,187,45,95,0,790,54,390,97,264,118,1000,251,222,119,272,674,74,161,39,0,17,79,112,251,159,131,23,275,126,185,193,405,0,52,0,60,42,579,155,66,0,0,27,0,90,0,0,0,0,1,0,0,0,0,113,298,74,148,0
hsa-miR-29a-3p,1886,372,2874,1375,1830,19992,1640,7082,496.5,3691,1007,1735,6040,2661,457,1107,5228,2490,2198,1704,2518,788,1380,3284,1562,1909,1212,2033,4218,121,126,1715,3620,7812,3524,5249,1301,976,4177,3576,3635,1484,2675,2325,1254,6567,2184,236,805,0,201,386,3520,1313,2165,2302,2520,1752,875,4331,560,1457,1329,868,1094,876,279,764,342,2017,693,212,176,289,1043,547,254,256,1488,420,1091,1138,5260,1514,1480,3027,3067,342,12162,821,2044,5432,1009,5809,1567,6246,967,660,935,788,758,732,1231,985,798,1939,1119,1147,2264,477,46,1249,75,3188,686,3055,0,0,107,148,89,146,132,40,207,107,102,17,124,183,186,169,125,921,743,2354,446
hsa-miR-29b-3p,1160,139,1125,1388,388,10691,468,3519,83,3394,480,794,1749,739,375,960,4310,1672,1599,1343,760,317,482,2414,341,232,10,308,462,77,167,870,1026,2319,1734,770,769,862,461,834,655,406,138,622,757,1646,363,0,0,0,276,73,258,340,142,466,275,40,306,481.5,0,111,16,131,220,0,40,2,6,217,49,100,19,85,145,103,144,90,198,1,228,92,979,164,117,470,321,30,1282.5,96,207,855,76,519,140,787,111,56,249,130,485,285,319,226,209,160,78,254,559,0,0,258,0,601,70,304,0,0,0,0,50,0,0,0,0,0,0,15,0,0,0,0,0,353,124,197,0
hsa-miR-29c-3p,2286,148,1454,2163,747,16405,772,3933,507.5,4633,892,2072,3334,1149,385,1116,6465,2661,1966,2103,1562,691,1404,3469,321,550,74,320,354,0,0,256,1172,914,1430,630,50,323,430,418,121,74,605,94,451,1116,278,0,0,0,190,54,270,136,239,399,208,664,413,462,108,147,288,340,191,125,57,54,126,226,0,0,62,223,157,166,55,282,236,104,461,75,630,165,85,237,603,37,728,198,400,243,125,351,208,284,98,279,295,158,273,228,234,156,165,237,139,188,431,0,0,137,0,193,132,518,0,0,0,1,0,21,0,0,0,0,0,0,0,0,0,0,0,234,111,446,0
hsa-miR-30a-3p,730,178,1153,875,423,3021,1227,264,80.5,1317,471,1007,2238,823,466,137,868,1559,784,1491,1018,433,649,638,118,202,45,62,41,0,0,108,70,303,0,436,3,3,3,463,0,28,300,0,94,684,77,0,0,0,0,0,114,56,110,1,4,0,199,69,84,13,0,83,137,43,0,65,21,49,0,82,96,0,116,60,0,22,141,74,145,86,36,0,119,199,116,33,460,12,97,259,0,5,217,618,30,0,0,35,191,1,87,84,117,0,94,0,400,120,84,120,12,2,90,248,0,0,0,0,75,0,0,0,25,0,101,35,5,0,160,319,2,12,105,11,99
hsa-miR-30a-5p,1941,620,2920,1762,1175,10857,1855,1492,275,4262,1126,1693,11524,2241,732,968,2422,2952,1174,3660,2444,1040,1368,3010,689,1164,556,1591,383,543,106,2506,3101,7419,3869,4105,1870,1375,3087,2971,2755,505,1215,1099,2697,7035,2853,69,188,597,602,147,3448,973,410,774,1036,1545,820,984,209,628,372,679,1542,538,199,360,144,1446,126,131,263,561,461,197,4,216,728,398,481,568,2998,816,566,1148,1712,719,2096,317,1415,2869,1748,1133,1063,2602,960,778,396,362,185,728,656,296,410,750,940,891,2652,374,176,1118,135,794,339,2906,324,1697,18,137,94,390,133,104,59,0,119,129,94,187,1348,818,186,359,506,911,145
hsa-miR-30b-3p,192,27,240,68,62,516,59,64,0,141,52,40,98,58,34,0,43,180,210,19,65,38,0,14,0,27,0,0,0,0,0,0,0,0,0,0,0,67,0,0,0,0,0,0,0,0,0,0,0,0,0,0,0,0,0,0,20,86,0,101,0,0,0,59,0,0,0,0,0,0,0,0,0,134,0,0,0,0,0,0,0,0,0,0,156,0,0,0,56,175,0,0,0,0,0,0,0,0,0,0,0,0,0,0,0,40,0,0,0,0,0,0,0,0,0,71,0,0,0,0,0,0,0,0,0,0,0,0,0,0,0,0,0,0,0,0,0
hsa-miR-30b-5p,38,2,34,23,23,331,0,66,0,74,32,0,62,44,27,16,67,76,33,29,0,0,0,39,315,108,0,152,62,0,0,945,774,3346,381,501,255,259,295,48,156,61,145,185,420,1085,426,0,0,0,0,0,200,43,130,221,184,143,18,252,68,61,61,100,151,18,0,192,56,464,22,0,77,9,0,0,54,62,113,0,62,0,315,171,292,195,73,8,737,309,101,106,160,529,0,414,0,150,0,33,10,101,48,0,20,105,53,15,127,0,0,108,0,270,38,150,0,0,0,0,12,0,0,0,0,0,0,20,23,0,0,0,0,18,86,0,0
hsa-miR-30c-1-3p,34,0,198,58,79,327,63,22,0,119,0,29,70,56,38,0,119,155,130,68,119,20,0,57,0,0,0,0,0,0,0,126,0,203,0,0,0,131,0,0,0,0,0,0,0,0,304,0,0,0,0,0,0,29,0,0,0,0,50,0,0,0,0,0,0,0,0,0,0,0,0,0,0,0,0,0,0,0,0,0,0,0,0,0,0,0,0,0,0,0,0,0,0,0,0,0,0,0,0,0,42,0,64,0,0,0,0,0,0,0,0,25,0,0,0,0,0,0,0,0,0,0,0,0,0,0,0,0,0,0,0,0,0,0,0,0,0
hsa-miR-30c-5p,78,12,75,165,39,290,49,316,16.5,94,85,57,36,97,77,91,177,57,104,164,60,27,31,141,1978,1223,837,1666.5,471,198,35,2878,5494,17309,2842,5937,2555.5,3017,4225,3278,3855,1651,2213,2894,3214,11545,1787,83,665,0,252,162,753,963,2820,1114,2560,1769,963,5407,646,769,575,1558,1528,766,161,941,105,1040,171,118,757,761,888,456,116,472,1142,509,778,830,4579,1195,1105,3971,1522,396,6987,1589,2114,5050,657,2947,543,2013,530,664,200,256,366,742,875,819,688,1623,625,938,2164,181,0,1301,107,2067,439,2940.5,179,1051,33,50,117,40,75,82,0,184,0,91,17,316,23,584,37,961,380,1541,236
hsa-miR-30d-3p,58,0,48,26,0,96,0,0,0,56,34,62,44,47,0,0,31,34,0,23,0,20,0,82,16,0,0,0,0,0,0,0,0,0,0,0,0,0,0,1,0,0,0,0,0,0,0,0,0,0,0,0,34,0,0,0,0,0,0,5,0,0,0,0,0,0,0,0,0,0,0,0,0,0,1,0,0,0,0,0,0,0,0,0,0,0,0,0,0,0,0,0,0,0,0,2,0,0,0,0,0,0,0,0,0,0,0,0,0,0,0,0,0,0,0,30,0,0,0,0,0,0,0,0,0,0,0,0,0,0,0,0,0,0,0,0,0
hsa-miR-30d-5p,24747,2713,16268,13839,6903,97010,13984,69211,1086.5,26333,4695,20481,31976,10776,3541,5926,34813,19989,14533,17398,14855,5373,7024,14765,17348,14535,6645,14338,8502,832,2606,35059,43054,130624,34429,60493,24383,45247,45210,28407,23396,10776,25324,40298,30671,78535,23732,465,1226,362,4753,2446,10666,7790,19369,11036,20830,13581,7542,49981,5591,7690,5992,13661,11368,3404,1723,9423,1092,9325,909,2071,4601,5378,7311,4016,1200,4886,11177,3561,7806,6092,32654,9350,12122,28262,13655,3943,59998,10856,12731,49239,12323,68322,8554,23612,9233,6361,4019,5660,9497,19586,10545,5007,9848,14819,4036,6605,25978,1558,182,13376,104,13414,3511,45863,296,2124,179,333,682,976,152,572,295,304,134,189,374,1408,2291,2067,1515,12177,4421,10252,2891
hsa-miR-30e-3p,3323,547,2875,1698,843,14681,2299,4214,151.5,3467,597,3017,3800,1654,663,628,4231,2275,2885,1771,1949,872,994,1798,440,243,159,44,345,0,59,299,670,2877,317,1286,537,1276,390,437,128,111,169,677,941,1755,1064,0,0,0,228,0,262,189,328,217,157,52,5,953,52,122,67,168,175,36,54,83,121,110,11,0,82,187,232,101,0,93,382,1,28,28,1151,27,47,148,130,0,787,210,207,576,149,1176,34,192,79,63,3,29,168,397,351,194,171,319,0,80,320,114,0,203,0,311,22,579,0,0,0,0,39,0,0,0,0,0,0,15,33,76,0,0,0,71,157,179,124
hsa-miR-30e-5p,57221,7162,31523,32813,18881,204629,30159,89983,3523.5,82274,18080,40921,74372,22416,9894,15825,89488,55547,41718,45629,29628,15840,22810,46439,5131,6168,1417,6965,3642,59,325,15528,30951,80017,21191,32309,21066,27603,21069,21373,13323,10131,17160,26667,20451,45373,11835,528,461,57,1265,695,3576,1899,5311,3616,5746,5516,3075,10812,1133,2070,1852,4919,3813,1666,1345,1898,393,3433,195,418,1258,1813,1479,1623,182,1485,2829,912,3569,2297,15593,2043,4297,9982,6423,1265,10968,3039,4543,11397,2916,14951,2524,8796,3333,2220,1576,1842,2856,3629,3662,1959,1834,3533,1203,1946,7603,1,1,4588,134,4826,1810,19936,231,671,0,68,50,114,26,25,55,0,0,59,0,146,419,422,222,5494,1790,5505,439
hsa-miR-3138,58,0,92,45,0,168,35,67,0,52,0,95,0,0,0,0,22,28,22,26,15,45,0,145,0,16,0,0,0,0,0,48,62,1,0,0,0,0,0,0,0,0,0,0,62,394,0,0,0,0,0,0,78,51,0,0,17,0,0,111,0,0,0,2,0,37,0,0,0,0,0,0,0,0,0,0,0,0,0,0,0,0,0,0,0,0,0,0,18,6,180,158,0,0,0,0,0,0,0,22,0,0,0,0,0,18,0,0,0,0,0,0,0,0,0,0,0,0,0,0,0,0,0,0,0,0,0,0,0,0,0,99,0,9,0,0,0
hsa-miR-3143,359,0,319,84,0,621,93,345,0,220,68,226,164,38,46,35,766,112,243,161,40,20,50,127,55,39,0,102,26,0,0,235,0,81,0,95,0,0,128,0,0,0,0,0,0,0,215,0,0,0,0,0,0,0,149,0,76,0,0,59,0,0,0,0,0,7,0,0,0,0,0,0,0,0,0,0,0,0,0,0,0,0,0,26,0,274,0,0,58,0,145,0,0,0,23,115,0,0,38,0,0,38,0,0,0,0,0,0,0,0,0,5,0,26,0,39,0,0,0,0,0,0,0,0,0,0,0,0,0,0,0,0,0,52,0,0,0
hsa-miR-3158-3p,0,0,0,0,0,24,0,0,0,20,0,37,0,0,0,0,0,0,0,0,0,0,0,22,228,131,87,273,67,0,0,217,439,3107,233,304,2132,1984,1567,391,1286,790,684,1832,803,1850,0,0,0,0,31,0,274,86,132,471,218,312,72,174,22,167,111,190,167,39,151,162,0,436,0,0,102,0,69,142,0,85,445,46,94,333,1520,193,364,640,765,64,76,236,251,849,329,98,165,76,0,331,210,255,438,226,251,197,57,252,0,135,1238,0,0,363,0,338,73,333,0,0,0,0,0,0,0,0,0,0,0,0,0,0,226,0,0,154,72,182,0
hsa-miR-3173-5p,0,0,0,0,21,12,0,0,0,0,0,0,0,0,0,0,0,0,0,0,0,0,0,0,223,134,9,223,0,0,0,224,750,1248,610,707,434,1991,403,1310,198,291,559,815,365,543,0,0,0,0,0,75,185,26,524,198,340,257,107,92,50,40,91,186,17,161,65,65,143,62,19,0,52,226,171,22,39,12,24,37,68,239,1078,399,257,850,397,34,141,115,332,668,204,48,59,283,145,95,179,72,219,314,168,0,76,67,0,179,263,135,0,216,0,196,19,431,0,0,0,0,13,0,0,0,0,0,30,0,0,60,0,13,0,175,82,252,183
hsa-miR-3179,102,0,117,13,0,36,0,23,0,91,0,0,156,12,0,18,127,29,46,40,50,0,0,0,45,0,0,0,0,0,0,0,0,135,0,490,0,7,105,0,0,0,0,0,0,178,209,0,0,0,0,0,0,0,0,0,0,0,0,5,0,0,0,0,20,0,0,0,0,0,0,0,55,0,0,34,0,0,0,0,0,0,0,0,0,0,0,0,70,0,0,0,0,36,0,0,0,0,68,0,54,81,116,109,7,1,0,0,60,0,0,0,0,0,0,0,0,0,0,0,0,0,0,0,0,0,0,0,0,0,0,0,0,0,86,0,0
hsa-miR-32-3p,248,21,87,175,66,1323,186,254,0,196,62,227,288,139,96,39,220,104,94,111,86,40,211,255,0,0,0,0,0,0,0,49,92,55,0,0,0,0,0,0,0,0,0,47,0,0,0,0,0,0,0,0,0,0,0,0,0,0,0,17,0,0,0,0,0,0,0,0,0,0,0,0,0,0,0,0,0,0,0,0,0,0,108,0,0,0,0,0,43,0,0,0,0,222,0,0,0,0,0,0,0,0,0,0,24,0,0,7,0,0,0,0,0,42,0,176,0,0,0,0,0,0,0,0,0,0,0,0,0,0,0,0,0,15,0,0,0
hsa-miR-32-5p,24,0,0,40,0,174,41,120,0,40,33,0,47,0,0,0,159,97,64,20,0,0,0,42,202,226,13,389,168,0,0,76,70,724,46,464,290,546,0,528,224,252,187,483,246,288,0,0,0,0,0,0,59,0,123,297,153,328,86,297,0,121,89,325,0,62,0,138,28,153,52,0,0,30,0,0,89,57,391,16,243,44,512,146,124,20,91,1,11,35,113,69,24,34,76,0,46,101,0,339,477,90,0,130,324,151,88,70,137,118,91,49,0,170,58,364,0,82,0,0,22,0,0,144,97,66,0,0,0,109,0,0,0,63,18,218,149
hsa-miR-3200-5p,157,23,40,36,0,638,0,285,0,168,56,115,131,22,0,56,134,86,54,119,61,31,129,66,60,0,0,0,0,0,0,0,0,0,0,417,0,0,0,259,323,0,0,0,0,219,0,0,0,0,0,0,0,0,0,0,8,0,0,0,0,0,0,37,0,0,0,0,0,0,0,0,0,0,0,0,0,0,12,0,24,0,0,0,0,0,0,0,0,0,41,0,0,0,0,0,34,0,0,0,31,60,0,0,0,21,0,0,365,0,0,0,0,26,0,0,0,0,0,0,0,0,0,0,0,0,0,0,0,0,0,0,0,0,0,0,0
hsa-miR-320a-3p,37202,4901,31792,19977,11632,231741,14653,121102,3316,49804,7104,34443,51391,15361,7805,9029,58613,20336,25104,32834,51373,8861,11459,41018,24042,17737,7515,12167,9911,1901,544,9234,48175,53011,11419,23530,20342,14136,24995,18134,15717,7015,10101,13781,11724,46095,20116,3116,8871,385,3413,6012,13445,6588,18561,11491,14705,18933,6759,30946,4830,8380,11048,17754,11261,7304,3749,10622,3321,7830,2717,867,6061,5246,7101,8751,1879,5529,15646,5314,9513,6479,45040,7195,13202,20519,13011,3968,26790,6911,15694,27115,10171,25181,7663,11538,10655,7876,5061,9671,10076,13950,10201,6946,8947,10421,3414,6516,17935,5222,1185,11115,1094,15603,5563,29360,1823,3255,933,1534,4606,15755,4066,2256,2776,2537,2399,869,1236,7090,3352,3694,2519,9426,6789,12315,2308
hsa-miR-320b,1565.5,215,2937.5,726,589,15656.5,730.5,3385.5,143.75,2782.5,164.5,1328.5,2726,1393,476,371,2576,551.5,875.5,1683,4330,446.5,621,1822.5,1449,1011,1035,655,595.5,0,31,629,2673,2084.5,1150,1687,597,759,767.5,1359,1576,0,1351,836,1811,2780,1647,320,457,20,62.5,386,2168,548,1093.5,1011,1376,1679.5,446,1207,275.5,820.5,449.5,827,830.5,491,221,1213,269,1146,268,119,366,424,750,673,45,361,1143,533,769.5,487,2422,746,657,1670,1610.5,270,1308.5,181,1378,1990,745,942,976.5,1307.5,904.5,1184,302,1051,936.5,944,410.5,778,1081,870,590,347,925,376,237,1463,184,755.5,449.5,1840.5,329,45,319,337,384,1132,391,356,318,437,289,213.5,299,704.5,335,58,162.5,704,661.5,878,75
hsa-miR-320c,867.5,175.5,1891,459.5,382,10107.5,596,1250.5,28,1563.5,179,835,1600,1143,411,143,1251,369.5,447.5,815.5,2844,323.5,339,924,702,467.5,725.5,365,225.5,0,0,240,1741.5,1168.5,708.5,783.5,528,75.5,477.5,1477.5,873,34.5,298,366.5,1064,1354.5,792,320,230,10,0,98,1022.5,404,696,560.5,880,1092,188.5,603.5,125,287.5,306.5,511.5,460,277.5,120,448,79.5,700,179,119,135,251.5,436,427,44,168,726.5,389,427.5,312.5,2179.5,521.5,492.5,1362.5,860.5,190.5,702.5,170.5,765.5,1281.5,498,646.5,633.5,718.5,464.5,528.5,227.5,656.5,460,541.5,111.5,487.5,610,392,446.5,279,438.5,48,237,1099,148.5,433,264.5,1088.5,282,44,316.5,314.5,207.5,783.5,297,271.5,275,238,198,199.5,252,285,183,55,136,341.5,274,397,55
hsa-miR-320d,497.5,116.5,1287.5,207,220,3225.5,370,567.5,56,906,80,490.5,1000,552.5,326.5,94,800.5,319,357.5,563,1338.5,362.5,264.5,575.5,109.5,135.5,459.5,15.5,43.5,0,0,141,467.5,709.5,209,148.5,104.5,5,154,442,737,0,143.5,5.5,281,446,491,320,0.5,0,0,1.5,19,125,319,114.5,311.5,424.5,46.5,196.5,73.5,69,63,87.5,202,61,100.5,152.5,12,97,18,119.5,37.5,248.5,88.5,140.5,78,15.5,279.5,128.5,82.5,119,705,60.5,63,251,292.5,69,189.5,97.5,308.5,652,42.5,179,259.5,244.5,159.5,203.5,100.5,92,101,62,56.5,0.5,236.5,10,0,148,42,0.5,107,330,33.5,1.5,43,364.5,120,221,0.5,148.5,68,167.5,90.5,142,51.5,51,0,29,73.5,2,121,0.5,2.5,185.5,67.5,148,55.5
hsa-miR-320e,85,31,113,60,54,938,57,387,3,183,3,105,179,30,5,22,170,95,118,270,129,60,25,75,133,21,20,100,5,0,0,1,213,84,242,78,2,5,8,6,2,0,3,4,2,6,126,0,1,0,0,81,5,87,184,134,66,3,66,133,1,48,20,87,2,41,2,3,23,3,1,0,17,8,5,27,1,10,122,3,2,92,325,98,1,200,30,3,8,30,39,8,2,74,1,4,39,4,28,69,53,76,49,2,80,2,0,68,174,3,0,20,1,2,2,69,132,2,1,2,1,7,0,0,4,1,1,2,1,2,0,1,4,56,0,5,1
hsa-miR-323b-3p,42,0,36,29,0,257,0,26,0,81,0,21,0,0,0,0,36,0,52,25,16,0,0,0,94,16,37,156,0,0,0,0,170,27,0,124,0,0,188,0,0,0,83,0,82,1,0,0,0,0,0,0,6,28,75,43,34,0,97,1946,0,0,0,114,97,16,0,116,36,49,0,0,0,0,246,27,0,32,0,0,61,0,0,19,57,0,0,0,330,0,0,545,193,825,268,173,0,0,84,0,36,157,0,0,10,75,0,0,0,0,0,0,0,46,46,0,0,408,0,0,0,0,0,0,0,17,0,0,0,0,0,0,0,0,0,0,37
hsa-miR-324-3p,0,0,0,0,0,115,0,0,0,0,0,0,16,23,0,0,16,0,37,0,0,0,0,0,207,92,66,331,103,0,0,478,410,863,191,182,279,142,78,729,922,2,621,113,185,365,0,0,0,0,0,187,103,127,33,1,149,90,67,241,67,0,57,40,203,18,0,89,23,1,0,0,76,0,35,50,0,15,175,0,37,32,260,0,59,50,92,42,176,90,15,136,196,233,0,110,95,55,0,2,91,219,53,1,54,159,0,135,304,0,0,8,0,131,81,94,0,0,0,0,0,0,0,53,0,0,0,0,0,0,0,57,0,38,6,158,0
hsa-miR-324-5p,832,107,621,806,232,8115,563,1692,37,1306,171,1252,917,341,254,293,974,532,840,519,516,321,221,580,0,9,0,0,0,0,0,33,56,541,200,361,0,88,0,0,391,0,105,0,67,206,138,0,0,0,0,0,0,0,0,0,0,0,0,0,0,0,0,4,0,0,0,0,0,0,0,0,0,0,0,0,0,0,0,0,0,0,0,0,0,0,0,0,0,0,85,0,0,0,0,41,0,0,0,0,0,49,0,32,15,0,0,0,41,0,0,0,0,20,0,108,0,0,0,0,0,0,0,0,0,0,0,0,0,0,0,0,0,0,0,0,0
hsa-miR-328-3p,0,0,0,0,0,30,0,19,0,19,0,23,0,0,0,0,0,0,14,0,0,0,0,0,456,374,107,286,78,0,0,0,26,996,222,202,0,273,123,0,0,33,1706,94,0,1026,138,0,815,0,0,0,231,327,664,502,510,66,72,795,65,87,83,359,249,4,36,52,0,88,0,0,89,17,121,29,0,87,268,26,96,0,691,165,251,559,391,39,1192,118,51,295,132,673,2,255,140,30,30,77,0,442,92,20,129,228,42,145,220,40,0,173,0,61,51,611,0,124,0,0,35,0,0,0,0,0,0,28,0,0,0,0,0,176,0,619,0
hsa-miR-335-5p,6440,553,6651,3716,1629,32953,3431,12176,265,5787,1792,5139,10165,2881,696,1693,13250,3307,7071,4294,3746,1191,1408,9086,1273,1179,224,1598,479,231,7,1452,2762,6126,1773,2870,1993,2572,992,1713,2029,1068,2198,1571,1256,4098,448,80,579,402,421,117,1966,1395,2187,671,1243,1112,504,2485,193,579,703,1099,725,747,7,610,100,1062,23,66,332,196,1021,324,0,219,716,210,702,1029,2486,1283,1237,2549,1639,518,5943,1163,907,2673,564,5968,634,3653,185,469,249,271,378,1066,594,870,442,601,188,777,2832,1134,231,1193,118,1409,448,3206,200,279,56,172,186,684,85,218,306,100,109,221,99,482,174,944,872,698,144,561,401
hsa-miR-339-3p,586,141,674,434,113,2922,587,1887,48.5,812,308,451,1237,451,189,246,945,517,386,456,284,101,327,327,337,452,42,184,78,0,0,676,1088,3024,1494,471,442,694,558,1155,1072,344,489,228,563,590,852,0,0,0,92,291,212,261,771,714,430,172,405,800,369,82,147,563,332,68,168,128,200,301,76,0,25,81,232,150,47,158,103,138,388,121,1626,79,462,662,152,35,650,181,98,34,228,949,185,370,287,125,92,135,136,296,388,261,246,334,0,135,295,0,0,257,0,256,55,718,0,0,0,0,42,0,0,0,0,40,70,0,0,0,204,0,0,135,57,132,130
hsa-miR-339-5p,74,0,0,0,0,288,27,420,0,14,0,0,36,30,0,0,35,120,17,22,0,0,0,58,85,37,0,0,59,0,0,233,167,189,0,51,0,678,0,0,0,413,0,0,0,41,0,0,0,0,0,0,0,31,29,138,183,0,0,544,0,0,25,0,131,0,0,87,0,55,0,0,0,0,0,0,0,17,53,0,65,0,0,0,0,0,0,0,824,85,0,0,221,434,0,61,25,0,0,0,0,44,40,0,0,59,0,0,0,0,0,41,36,32,0,208,0,0,0,0,0,0,0,0,0,0,0,0,0,0,0,0,0,168,15,0,0
hsa-miR-340-3p,0,0,0,0,0,9,0,0,0,0,0,0,0,0,0,20,0,0,0,0,0,0,0,0,74,108,83,0,0,0,0,86,36,248,0,593,0,115,144,292,207,0,188,214,104,191,0,0,0,0,0,0,25,17,58,64,35,138,69,439,0,37,0,156,58,13,59,0,0,25,0,0,0,48,0,0,8,0,0,7,26,0,281,0,0,110,7,13,146,8,0,137,0,175,83,79,98,0,31,0,0,65,0,40,54,139,0,79,94,0,0,8,0,28,12,154,37,0,0,0,0,0,0,19,60,0,0,0,0,0,0,0,0,0,35,82,0
hsa-miR-340-5p,370,77,465,372,156,3432,431,1633,0,642,81,342,838,166,0,201,907,470,248,246,208,53,333,422,365,296,60,234,226,0,0,244,404,765,669,317,77,81,758,0,498,0,91,109,92,273,194,65,0,0,92,156,220,142,257,228,355,297,113,2220,119,70,22,234,202,89,0,188,33,110,28,0,97,52,92,117,0,61,138,13,139,89,836,151,214,1319,308,113,1101,105,201,1050,174,2041,203,385,354,115,72,20,27,139,198,26,69,83,0,65,201,0,0,327,38,357,110,664,0,0,29,12,29,0,0,0,0,0,0,0,0,39,0,137,0,78,22,131,29
hsa-miR-342-3p,2376,327,5018,1631,1146,15208,2219,11196,108,2063,676,2733,6881,1799,436,642,3453,924,2648,1648,1792,969,594,3534,1322,991,934,962,1535,277,0,2589,3892,6028,1440,3891,1809,2042,2630,2578,2965,1282,2107,1492,1513,5679,1638,155,507,0,579,270,751,554,1021,748,1586,294,503,2782,324,429,456,1104,1059,164,299,970,360,1283,488,429,490,567,260,467,174,402,1133,184,946,213,1241,739,1130,1581,985,154,9203,568,1550,2440,450,3070,258,2587,572,630,634,322,954,911,1309,500,417,1782,523,264,1786,426,87,586,109,1580,179,1592,126,140,140,41,132,220,65,87,118,0,27,119,73,376,61,374,122,390,597,1335,246
hsa-miR-342-5p,110,85,318,212,229,895,150,586,47.5,53,27,47,202,163,99,4,51,39,253,64,9,107,101,172,178,90,438,84,332,0,0,378,400,658,174,166,119,373,385,564,443,121,0,49,642,1064,0,96,0,0,297,0,254,58,212,116,106,327,2,496,9,0,0,151,81,38,50,34,0,69,73,0,51,35,182,30,0,80,246,80,0,91,266,0,147,1014,137,0,837,31,111,0,0,461,47,621,285,189,34,32,157,470,332,152,114,367,169,201,582,0,98,174,0,52,45,448,0,0,98,0,0,41,0,0,0,0,13,0,0,81,0,0,0,96,18,119,27
hsa-miR-345-5p,97,43,79,28,0,496,73,439,0,81,29,55,155,25,0,23,196,0,73,70,0,23,39,49,231,158,136,255,152,0,0,511,1050,1044,73,636,83,130,724,290,1033,12,198,326,550,1634,0,0,0,0,0,0,76,40,143,0,55,32,33,291,150,166,35,217,179,13,0,71,0,44,0,0,75,74,156,0,47,0,189,0,104,294,284,95,90,397,105,0,580,88,43,758,0,392,56,401,148,126,91,0,208,50,66,0,31,91,0,155,459,0,0,195,0,196,39,337,0,0,0,0,0,0,0,0,0,0,0,0,0,0,0,0,0,108,75,0,0
hsa-miR-3605-3p,174,0,238,192,79,316,98,161,0,398,90,186,233,95,120,86,392,356,243,264,134,98,146,258,220,186,0,100,0,83,0,167,272,174,113,301,305,685,0,452,0,50,399,77,358,243,0,42,0,0,0,70,48,53,54,85,372,294,139,50,42,27,111,100,123,22,0,72,36,0,0,0,7,48,84,13,28,22,0,16,127,46,232,0,162,513,211,0,0,223,133,681,0,108,90,46,0,167,46,0,0,63,53,0,10,23,0,72,198,0,0,66,0,80,89,199,0,0,0,0,37,0,0,30,0,50,0,0,0,97,0,0,0,43,31,121,0
hsa-miR-3605-5p,120,0,89,75,0,232,80,105,0,214,37,64,64,17,0,13,275,194,193,106,93,16,31,118,64,55,43,0,0,0,120,0,0,177,203,150,0,0,0,0,0,0,0,54,0,0,88,0,0,0,0,43,0,8,0,0,2,119,0,0,0,0,0,28,0,0,0,80,42,0,0,0,0,0,68,73,30,22,48,0,9,56,0,0,138,253,0,0,0,0,0,0,0,106,61,106,76,0,0,0,0,22,0,0,0,68,0,0,110,0,0,21,0,0,13,0,0,61,0,24,26,36,8,0,77,110,0,0,0,0,0,0,0,23,12,0,0
hsa-miR-361-3p,0,0,0,0,0,79,0,18,0,0,0,0,0,0,0,0,0,0,0,0,10,0,0,0,115,190,20,73,114,1,0,286,533,1448,572,446,436,661,548,98,536,463,765,237,580,1008,900,0,0,0,100,0,154,187,136,211,318,33,8,582,98,15,106,135,81,172,42,75,0,311,0,0,55,73,208,46,0,129,181,16,55,92,407,266,202,212,219,54,916,509,98,609,92,1491,0,516,115,58,126,3,129,183,77,234,203,352,67,194,339,0,0,288,107,244,30,496,0,59,70,0,22,0,0,0,0,0,0,0,0,0,87,0,0,116,95,250,23
hsa-miR-361-5p,941,139,660,1005,694,4410,676,2608,157,1817,255,873,1897,787,262,334,2032,1240,663,1093,916,391,431,825,301,313,148,294,303,0,0,210,701,548,108,199,282,251,813,159,425,207,0,224,629,1114,153,133,41,0,276,59,82,154,269,280,566,124,138,848,77,133,97,214,92,271,46,153,0,88,125,0,47,27,25,142,25,83,148,0,235,91,0,133,61,627,317,62,1698,300,313,181,162,1390,145,546,23,76,53,61,34,225,92,33,94,386,0,45,228,318,0,130,0,210,64,94,0,40,0,0,64,0,36,12,0,0,0,25,22,137,19,52,0,260,18,221,7
hsa-miR-3613-5p,150,36,118,159,0,663,92,113,21,343,38,118,128,36,97,33,165,88,49,74,88,54,66,83,11132,2956,1306,2426,3567,347,332,3240,2305,9715,4642,4985,2276,4982,3098,3410,1444,2348,1888,7319,3419,5142,1170,497,230,0,380,265,1370,1675,5366,2774,4725,1559,1391,2003,888,886,1312,2812,1408,447,241,1911,326,2868,335,430,1223,668,762,858,506,519,1806,400,1934,510,8703,1480,4926,9238,1935,965,9642,5115,4124,6590,884,28616,1150,9764,1590,1161,235,393,893,1777,716,699,964,3160,325,1052,3553,120,0,4399,95,6382,525,7239,0,120,380,0,294,250,86,123,26,0,34,0,32,28,342,0,0,4159,1107,6198,326
hsa-miR-3615,613,212,350,577,220,1878,426,3443,58.5,1270,274,621,665,235,139,163,915,257,226,576,592,116,230,337,740,664,121,686,496,0,0,1967,2153,5319,930,2614,1547,1253,1667,3298,1787,510,926,2903,536,2954,689,371,0,0,0,214,294,337,1296,777,924,845,491,637,168,454,606,426,339,242,100,311,77,505,66,179,159,266,282,505,226,196,777,151,280,335,1559,234,753,1239,595,111,858,340,1029,1582,211,1816,146,939,508,358,199,163,332,500,314,197,253,208,32,417,851,0,0,470,0,864,85,1255,0,0,0,0,10,154,86,0,0,0,0,10,1,0,0,0,0,583,91,812,53
hsa-miR-363-3p,96,0,92,73,19,203,0,377,0,218,18,49,180,110,0,55,461,297,66,257,59,88,38,180,4892,3142,1169,4788,1767,219,195,4694,10195,17489,6396,7817,4351,4485,6108,3425,2167,3041,2979,4946,2344,12987,572,0,92,0,1150,640,1135,1545,6076,3771,4356,2212,2230,4746,1310,1088,1864,4722,1282,1041,302,622,352,1341,595,364,943,1365,436,1051,586,751,1692,231,1985,2263,11923,2850,3463,9311,3551,537,2576,2135,3951,8573,2075,4123,1852,2775,1268,1558,689,1052,2017,3625,1176,589,1501,823,490,2195,6706,0,0,2194,0,4500,723,6235,0,0,0,28,268,122,0,73,69,79,40,0,34,206,100,116,87,2587,1179,2705,339
hsa-miR-3679-5p,24,0,0,26,0,283,38,20,0,16,0,28,99,95,35,0,39,0,13,50,101,0,6,32,0,70,0,0,68,93,0,0,0,0,64,0,0,70,0,0,0,0,0,0,0,0,0,0,0,0,0,0,0,0,39,0,0,0,0,50,0,81,0,5,0,0,0,0,0,0,0,0,0,0,31,0,0,0,0,0,0,0,208,0,0,0,0,0,0,0,0,0,0,0,0,0,0,74,0,0,0,0,0,0,0,0,0,0,0,0,0,0,0,0,0,24,0,0,0,0,9,70,0,0,0,61,41,1,0,0,0,0,0,52,38,0,0
hsa-miR-369-5p,49,0,42,88,0,1735,69,293,0,125,0,101,19,0,0,18,161,39,37,24,76,0,0,50,20,0,0,0,0,0,0,164,508,0,169,0,0,115,0,0,0,0,0,0,0,0,0,0,0,0,0,0,0,9,24,0,0,176,0,167,0,0,0,0,0,0,0,147,0,0,0,0,0,0,49,13,0,10,46,0,21,0,0,0,0,0,0,0,72,0,0,535,0,47,0,0,0,0,0,0,0,22,0,0,0,0,0,0,74,0,0,0,0,0,0,0,0,0,0,0,0,0,0,0,0,0,0,0,0,0,0,0,0,0,0,0,0
hsa-miR-374a-5p,71,0,150,23,0,975,0,302,20,43,0,81,103,29,22,117,297,19,164,94,1,0,0,199,49,249,48,337,66,0,58,1141,1716,4660,1812,3546,1137,2518,1451,771,770,1059,1867,4584,1222,3966,1127,0,0,0,70,0,57,94,97,357,235,525,12,287,0,38,61,302,58,134,19,9,0,196,0,66,0,26,24,0,33,34,65,0,201,144,353,136,133,352,144,70,347,307,638,704,87,583,136,341,91,99,149,0,377,232,174,0,39,275,0,0,509,0,0,326,0,243,43,794,0,0,0,0,16,0,0,0,0,0,0,32,34,0,49,0,0,278,61,268,0
hsa-miR-374b-5p,54,0,53,26,0,806,0,222,0,63,0,1,44,23,0,0,60,0,82,41,68,26,0,75,124,161,80,160,24,0,0,533,659,2512,724,1118,651,905,210,380,149,53,210,976,1155,2425,79,0,0,0,0,0,0,94,0,54,60,0,87,370,79,47,9,98,46,38,0,47,64,0,0,0,82,0,22,0,0,0,136,0,76,22,160,142,221,243,201,19,542,111,67,496,33,1152,25,250,21,49,57,59,145,206,116,120,39,95,37,62,131,0,0,120,0,150,13,310,0,0,0,0,0,0,0,0,0,0,0,0,0,0,0,0,0,149,32,288,0
hsa-miR-375-3p,794,331,1614,675,386,3426,815,420,191,3896,760,808,1177,2766,723,313,660,474,754,4538,3489,661,761,1137,944,716,406,318,0,0,67,3609,4100,6496,1757,3349,2535,1939,796,755,2085,1266,711,2614,1147,1650,595,484,0,0,44,84,2434,2490,270,899,384,630,630,53,189,334,415,826,902,909,21,708,50,826,649,0,543,407,192,163,224,87,1117,258,718,475,1855,427,555,955,419,381,582,105,767,2281,80,83,763,6930,335,828,493,143,1075,580,517,1470,303,279,2605,0,476,195,0,354,0,1186,161,8851,0,0,0,38,88,151,0,0,0,92,27,13,0,146,436,0,0,423,1021,369,750
hsa-miR-376a-3p,175,0,65,84,103,2754,30,360,0,279,25,197,167,15,0,0,345,64,133,114,272,26,0,94,0,0,0,0,0,0,0,0,0,0,0,0,0,0,0,0,0,0,0,0,0,0,0,0,0,0,0,0,0,0,29,0,72,0,0,0,0,0,0,24,0,0,0,0,0,0,0,0,20,0,0,0,0,0,0,0,0,0,0,0,0,0,0,0,66,0,0,0,0,0,0,0,0,0,0,0,0,0,0,0,0,0,0,0,0,0,0,0,0,20,0,0,0,0,0,0,0,0,0,0,0,0,0,0,0,0,0,0,0,0,0,0,0
hsa-miR-376c-3p,34,0,113,69,0,1305,0,513,8.5,15,0,0,51,18,0,0,268,0,60,26,18,0,0,53,25,35,25,0,0,0,0,0,113,0,0,0,0,0,0,0,0,0,0,0,0,216,0,0,0,0,0,0,0,2,0,0,0,0,4,70,0,0,0,0,0,0,0,59,0,0,0,0,0,0,0,0,0,0,0,3,0,0,0,0,0,0,0,0,27,0,0,446,0,0,0,0,81,1,0,0,0,0,0,0,0,0,0,0,0,0,0,0,0,16,0,86,0,0,0,0,0,0,0,0,0,0,0,0,0,0,0,0,0,0,0,0,0
hsa-miR-378a-3p,341,129,418,237,113,2550,253,1531,21,1235,108,383,2338,555,122,66,599,328,41,416,526,191,311,674,37,232,125,122,609,37,57,136,234,650,0,170,252,0,174,0,72,0,55,193,180,329,185,0,0,0,94,0,169,141,83,132,169,85,45,764,26,44,30,99,255,95,24,178,0,158,0,0,0,137,0,30,25,110,248,88,31,97,647,0,174,0,215,25,730,103,55,536,109,1025,70,64,155,220,0,93,299,112,26,1,43,147,86,78,390,3,58,190,0,141,91,113,46,0,0,0,41,95,2,69,0,55,61,0,0,0,0,0,0,96,78,90,0
hsa-miR-379-5p,41,0,0,0,0,410,23,69,0,21,0,0,0,0,0,0,0,0,0,0,9,0,0,109,130,26,31,0,134,0,0,206,669,299,187,0,0,0,347,83,477,0,0,0,0,0,0,0,0,0,145,0,0,124,291,0,166,521,59,998,0,28,0,263,62,35,0,64,51,112,0,0,52,0,182,53,0,131,0,45,0,106,0,324,167,0,0,0,215,35,0,1146,555,521,346,86,0,19,0,0,99,171,0,0,154,147,56,0,62,0,0,16,24,356,151,259,0,0,0,0,0,0,42,0,0,0,0,0,0,0,0,0,0,17,63,0,0
hsa-miR-382-5p,1961,652,1503,1647,996,18605,2162,1829,206,1715,197,2143,711,925,735,63,2362,816,1327,421,3254,872,584,555,184,61,140,43,61,0,0,701,608,360,0,111,0,244,67,260,58,0,0,0,0,0,0,0,300,0,99,0,424,249,259,20,178,293,181,4352,182,68,86,202,446,43,0,454,0,0,0,0,15,0,479,129,0,248,157,35,11,71,81,555,271,0,168,174,658,40,71,2302,503,409,276,699,245,17,0,0,83,132,39,0,180,302,0,0,0,0,0,36,0,272,11,324,0,0,0,0,0,0,55,0,0,0,0,0,0,183,0,0,304,85,43,65,47
hsa-miR-3940-3p,74,0,76,160,0,123,118,299,0,178,39,49,94,30,0,22,232,94,114,223,37,14,28,0,63,19,0,96,0,0,0,7,261,69,0,0,0,0,45,0,93,0,55,0,0,182,0,0,0,0,0,0,0,0,43,180,65,0,0,21,0,79,0,2,79,0,0,0,0,13,25,0,0,0,0,41,0,0,0,0,55,0,0,0,0,0,61,0,0,0,563,67,0,0,0,0,34,0,0,0,54,0,0,1,0,105,0,0,0,0,0,35,0,23,66,319,0,0,0,0,0,0,0,0,0,0,0,0,0,0,0,0,0,0,0,92,0
hsa-miR-3960,281,200,196,303,203,653,234,404,125.5,362,91,296,572,148,47,28,254,182,576,194,163,155,83,534,71,57,1,102,31,0,0,1,134,794,194,80,3,9,4,1,1007,123,234,217,213,944,6,5,1,0,0,57,2,1,81,32,71,183,17,3,0,239,44,43,38,16,24,1,4,0,1,0,14,1,0,2,67,95,161,63,8,1,119,71,69,178,167,0,1,1,1,0,0,1,0,2,0,3,0,4,27,202,13,31,15,77,0,198,183,4,4,0,0,62,2,175,1,0,36,10,0,25,142,56,59,62,41,22,7,2,0,3,0,10,23,235,5
hsa-miR-409-3p,877,122,331,617,289,7345,498,717,48.5,744,46,530,225,209,61,0,719,200,336,53,788,172,53,162,512,182,396,301,187,0,0,909,2444,304,210,455,1001,430,1010,853,1334,263,290,52,0,411,868,0,0,0,238,0,152,487,214,185,843,236,341,6417,361,587,133,602,572,100,85,752,0,126,25,112,120,0,876,117,0,528,19,75,0,227,646,722,991,462,667,287,815,176,36,4318,740,4027,198,1163,302,101,92,126,35,1026,127,0,634,741,0,166,350,0,0,72,0,1358,93,658,0,0,0,18,82,0,0,28,0,0,0,0,0,192,398,148,139,183,0,163,49
hsa-miR-411-5p,81,0,117,52,0,3253,0,51,22,223,0,40,17,48,36,12,104,82,14,26,41,0,0,105,9,0,28,52,0,0,0,0,99,0,0,0,0,0,80,0,0,0,0,0,0,0,0,0,0,0,0,0,0,35,78,50,91,0,0,142,0,0,0,59,0,0,0,0,0,0,0,0,0,0,0,60,0,0,0,9,0,0,0,0,0,0,0,0,0,0,0,526,0,135,0,0,0,59,0,0,0,39,0,0,32,76,0,12,0,0,0,0,0,7,27,105,0,0,0,0,0,0,0,0,0,0,0,0,0,0,0,0,0,0,0,0,0
hsa-miR-421,2721,176,1925,992,852,7839,1295,3199,73,2799,548,2239,3941,837,429,599,4517,2391,2370,2253,1458,353,875,2432,189,103,0,187,45,0,0,49,78,1312,375,593,117,7,166,979,52,240,0,187,221,250,286,0,0,0,85,0,0,33,4,188,205,43,77,526,94,150,8,211,40,63,38,61,67,110,0,0,30,58,23,27,0,13,20,60,21,0,148,40,179,78,27,16,347,86,26,0,68,688,76,190,64,27,49,0,132,47,133,31,20,38,46,0,222,0,0,111,0,91,0,219,0,0,0,0,0,19,53,0,0,0,0,0,0,0,0,0,0,134,20,0,0
hsa-miR-423-3p,61,15,103,104,43,701,21,572,20.5,141,0,119,188,69,22,10,221,142,32,98,142,13,99,113,7241,5591,3887,3628,4075,771,50,8970,13283,28613,5799,11774,7585,9604,12903,7128,7627,4999,4833,5984,6567,21017,8839,1519,344,155,3208,1051,2512,3663,6262,4944,8962,3105,2959,14262,2256,4159,1753,6667,6385,1168,826,8154,664,3789,988,197,3085,2443,5793,3063,333,3103,8955,1967,2846,1859,14415,3811,4626,10083,6205,902,17635,4091,2618,14784,2876,9985,1379,5577,3277,3072,2484,3338,3924,7035,5507,3579,4304,7781,1970,4209,14294,1368,266,3969,494,5152,1373,13280,639,1075,632,118,449,739,238,236,159,480,377,105,167,871,384,1095,592,3217,1496,4578,2195
hsa-miR-423-5p,184053,29525,116888,107645,96901,425382,90077,270022,14788.5,174537,29644,148108,206988,73257,39398,27472,198636,114658,132390,128113,141216,45985,59073,152098,88611,41447,18429,65754,20695,70819,4765,106081,162683,339096,114936,187970,107495,154402,146702,186753,169818,74727,100217,181907,139660,302096,46923,57286,45834,8814,26567,23880,58689,37439,129040,63870,94584,79686,36891,96716,28518,45714,35202,59208,48338,21738,13983,36316,18122,39708,16421,4219,33546,34780,35038,30781,8715,30295,82377,20197,46110,35666,246371,57639,66646,173082,73965,15601,86957,51238,67490,173301,45398,85792,24770,63600,56040,47588,25314,31890,46239,66140,43024,40380,37106,35885,14016,47214,147912,44490,16545,61502,5566,76575,19641,148182,13308,16353,11940,6256,22331,30105,7270,8989,21211,18370,15392,8401,8396,36807,18941,21811,22510,66032,26019,55921,7089
hsa-miR-424-3p,395,63,321,209,40,418,99,250,0,572,130,334,578,85,0,190,285,141,445,164,148,65,91,302,52,96,137,170,65,0,0,247,348,1241,174,175,0,204,331,193,81,0,108,50,107,1087,7,0,0,0,0,0,0,42,170,129,46,0,66,333,109,110,96,8,138,0,0,111,0,0,18,0,18,153,0,94,0,79,135,0,28,58,969,178,36,0,31,7,409,33,1,137,0,897,90,133,48,0,0,148,43,261,75,0,70,0,0,173,363,0,0,125,0,96,15,186,0,0,0,0,0,45,0,0,0,0,0,0,0,0,56,171,0,89,16,0,0
hsa-miR-424-5p,913,184,556,652,321,1973,499,666,163,1675,464,729,1005,157,224,341,671,559,666,431,420,98,379,677,121,60,39,144,50,0,0,0,56,267,0,0,112,36,353,122,0,0,95,0,0,42,0,0,0,0,0,0,12,0,29,81,72,177,0,47,0,38,0,9,59,24,0,0,0,0,0,0,0,0,0,0,0,0,0,50,0,72,192,27,0,28,0,7,54,31,0,269,0,76,0,0,131,38,34,0,90,10,0,47,25,0,39,0,118,0,0,47,0,51,0,89,0,0,0,0,33,0,0,0,0,0,0,0,0,0,0,0,0,0,73,53,0
hsa-miR-425-3p,844,144,538,560,271,4664,469,1889,106.5,1091,183,957,1131,498,137,309,1520,945,747,470,707,233,530,598,38,49,57,92,181,0,0,0,106,602,63,133,72,284,391,256,0,0,351,245,8,119,0,0,0,0,0,44,0,48,89,28,21,36,78,647,70,57,0,76,64,15,0,35,0,0,0,0,80,45,131,53,0,75,180,12,14,23,281,0,102,305,0,0,254,23,107,129,119,426,31,68,73,126,30,36,179,151,118,22,108,132,32,0,232,0,0,69,0,48,0,34,0,0,0,0,0,17,0,0,0,69,0,0,0,0,0,0,0,81,21,0,0
hsa-miR-425-5p,1146,149,917,638,481,10925,757,6600,83,1965,414,1199,1631,724,208,529,3491,1260,869,1316,1012,272,523,892,6147,4514,1288,4514,2487,1,249,9760,11690,26912,7836,14260,4618,11062,9524,9787,8877,2143,4704,9079,6758,15560,2034,0,479,258,1086,558,1307,1816,4671,3418,5063,2388,1567,6058,1388,1536,1512,3372,2631,1052,560,1718,178,1498,48,94,776,1637,1025,1387,336,937,2706,668,2609,1814,11635,2561,5108,8885,6078,846,9583,3383,6112,9306,2172,13202,1946,3817,2359,2142,1388,1768,1667,3270,2466,1450,2064,3075,669,1419,7167,0,38,3027,25,4476,1304,7412,56,357,22,118,83,229,4,80,0,0,0,45,0,208,364,217,32,3603,1282,3431,183
hsa-miR-432-5p,2521,444,1972,1390,571,14879,1281,1961,46.5,1107,79,2420,636,918,308,1,2411,466,873,365,3001,196,79,298,169,25,177,250,136,0,0,165,66,180,0,0,64,0,66,0,0,0,0,0,0,36,0,0,0,0,154,0,25,435,171,42,654,354,0,522,0,80,170,128,370,0,0,269,0,0,0,0,40,0,370,103,0,307,27,83,0,0,318,120,174,0,139,110,423,26,385,2171,299,924,148,458,90,0,55,0,34,447,21,0,148,203,0,47,369,0,0,79,0,282,22,274,0,0,0,0,0,0,0,35,0,0,0,11,0,205,230,0,0,0,0,197,0
hsa-miR-4433b-3p,430,0,365,162,5,1843,211,633,0,161,0,87,90,0,56,1,58,70,118,42,139,54,0,168,42,0,0,0,0,0,0,0,127,0,0,0,0,0,0,0,0,0,0,0,0,0,0,0,0,0,0,0,14,13,0,0,36,0,0,204,0,53,0,110,129,0,0,0,0,0,0,0,64,0,74,0,0,0,52,0,0,0,0,0,0,0,0,12,18,0,0,0,320,0,0,24,122,64,0,0,0,0,0,0,0,19,91,0,47,0,0,27,0,0,81,364,0,0,0,0,0,0,0,0,0,0,0,13,0,0,0,0,0,23,0,0,40
hsa-miR-4433b-5p,0,26,210,49,0,90,25,141,0,8,0,40,1,37,46,0,29,0,27,0,61,0,0,0,1209,1510,1091,692,126,0,0,719,422,700,72,1957,451,2085,3554,1531,86,555,0,562,1461,1466,0,81,25,189,295,67,2023,1970,1770,1013,3366,332,1188,854,510,423,312,454,945,294,47,1689,77,449,42,218,587,300,1487,426,76,206,1647,102,32,1514,2255,1982,1129,4361,167,276,384,2946,2387,473,314,1070,195,301,13,311,63,218,192,1295,35,308,782,687,223,415,253,0,0,622,0,2021,380,759,0,0,0,13,65,0,47,49,115,32,92,0,65,97,207,96,132,618,131,1194,182
hsa-miR-4446-3p,55,0,29,38,33,279,0,47,0,64,0,59,23,48,0,0,0,34,39,0,37,0,0,36,130,75,57,35,51,0,0,0,30,54,0,163,0,110,0,54,0,0,0,0,0,0,0,0,0,0,199,0,77,201,225,212,68,0,23,211,0,49,33,81,0,0,0,255,0,101,0,0,9,0,190,42,0,34,0,0,34,35,242,0,57,420,0,0,371,129,86,196,48,294,27,291,148,0,47,74,0,172,18,7,131,120,85,161,0,0,0,167,0,71,54,175,0,0,0,0,0,0,0,0,0,0,0,0,0,0,71,0,0,101,32,0,85
hsa-miR-4508,582,116,372,336,533,1488,207,4568,131.5,401,55,100,1164,180,65,104,149,117,708,164,366,134,45,598,60,54,0,0,38,0,0,197,484,1063,584,1039,592,104,229,126,813,65,89,425,522,923,126,122,0,0,0,0,0,0,129,0,140,0,72,4,55,0,116,6,35,22,25,0,139,38,0,0,120,151,43,169,0,103,81,0,27,40,110,80,55,190,145,9,305,0,0,586,26,322,79,0,41,43,0,40,68,245,0,57,33,0,112,101,448,148,0,19,146,82,45,120,0,232,0,0,48,0,0,0,40,0,0,0,0,234,0,28,0,0,72,234,0
hsa-miR-450a-5p,83,0,60,93,67,166,56,45,0,0,0,71,81,46,0,0,119,27,0,0,18,28,0,51,56,0,0,0,0,0,0,0,0,79,0,0,0,0,0,0,0,0,0,0,0,0,0,0,0,0,0,0,0,0,0,0,0,0,0,24,0,0,50,33,40,0,0,0,0,32,0,0,0,0,0,0,0,27,0,0,0,0,0,0,0,0,0,0,12,0,0,0,0,215,0,106,71,0,0,0,0,0,0,0,0,0,0,0,0,0,0,35,0,0,0,9,0,0,0,0,0,0,0,0,0,0,0,0,0,0,0,0,0,0,0,0,0
hsa-miR-451a,3999,738,3045,3957,1176,26005,1635,20298,551.5,6316,1145,3172,6495,2136,1093,3384,17466,6105,3099,5892,1518,1269,2179,4585,425668,278303,89479,520274,136200,8455,34445,526586,1314604,3069147,1030445,795756,688723,678927,755322,605314,598133,267020,648823,723195,642241,1969087,198064,11831,19814,237,77278,73010,137339,129797,412516,310214,350926,225937,180050,400830,73175,134100,152216,353990,175297,122228,60566,118223,57672,117118,32715,17556,106582,98207,62653,151375,48678,107566,235562,75242,225893,143442,857491,225688,267140,580424,391129,55963,205759,183988,357388,614769,170247,409861,114172,327308,235998,209921,80090,145809,178515,317480,192412,160897,185459,211357,49303,212367,668350,6368,1303,182054,1387,443665,110814,527740,2699,479,1513,849,12681,9162,1580,731,2814,2257,5402,448,2463,6800,2184,3513,1978,180625,109433,327733,17058
hsa-miR-454-3p,156,4,152,105,34,2514,59,566,20,203,27,147,379,71,33,88,205,76,154,95,32,0,75,227,3,0,0,31,8,0,0,167,346,967,93,148,0,369,178,546,221,210,0,423,258,801,241,0,0,0,0,0,69,0,0,117,114,0,31,165,0,0,0,74,77,0,0,32,0,0,0,0,130,0,0,54,0,0,82,56,33,87,0,0,0,283,0,0,176,55,0,387,85,164,0,77,164,32,0,41,113,119,0,34,103,92,40,0,0,0,0,52,0,0,0,94,0,0,0,0,0,0,0,0,0,0,0,0,0,0,0,0,0,12,7,38,0
hsa-miR-454-5p,0,0,0,0,0,0,0,0,0,0,0,0,0,0,0,0,0,0,0,0,0,0,0,0,34,56,0,0,68,0,0,0,153,213,226,107,47,0,46,0,0,0,89,38,248,147,0,0,0,0,0,0,0,0,25,0,30,139,0,82,0,0,0,47,31,0,0,0,42,62,0,0,0,67,0,56,0,87,102,0,91,29,82,0,110,100,42,0,55,69,15,0,73,79,45,126,0,43,62,0,161,0,51,37,15,0,93,1,141,0,0,50,0,160,4,44,0,0,0,0,0,0,0,0,0,0,0,0,0,0,0,0,0,93,1,0,0
hsa-miR-4685-3p,61,0,0,0,0,10,0,0,0,0,0,0,0,11,0,0,0,0,0,0,0,0,0,0,76,151,0,24,0,0,0,319,175,441,792,550,416,393,31,501,0,0,1208,614,86,318,222,0,0,0,47,0,52,0,69,0,149,137,71,0,0,0,22,130,0,0,0,43,0,48,39,0,0,13,0,0,0,21,1,0,7,105,0,125,210,61,38,0,0,87,30,76,83,0,15,0,0,132,0,101,0,98,56,27,72,0,0,40,142,0,0,11,0,174,23,216,0,0,0,0,0,0,0,0,0,0,0,0,0,0,0,0,0,83,45,25,0
hsa-miR-4732-3p,121,0,14,45,51,183,155,252,16,161,84,106,50,83,88,23,126,188,80,60,98,36,0,71,1135,850,374,1037,0,0,135,3965,6011,11267,4975,5954,1863,4806,3181,4652,1722,4113,2581,6250,5383,9596,566,0,431,204,95,772,1056,444,1775,2272,1401,1084,410,95,448,325,408,684,731,402,49,339,212,456,84,78,474,628,154,836,222,440,621,214,507,889,6429,888,1209,3481,976,155,33,692,749,3973,147,345,263,1290,756,765,586,848,683,1282,435,445,668,171,65,321,1460,0,0,1052,0,1100,252,1823,0,0,35,0,0,0,58,0,0,0,1,0,0,183,0,0,0,1715,276,1009,184
hsa-miR-4732-5p,3918,391,2453,2048,484,8316,1598,3383,187,3259,499,2540,3328,1043,807,775,4085,2894,3667,2485,1974,580,1342,4609,441,481,91,246,80,181,171,960,1202,3631,3234,1851,1069,1337,2521,1871,1343,850,2198,1679,1146,3333,174,183,765,0,385,468,238,337,982,449,697,522,388,489,174,325,189,706,532,111,242,666,26,36,41,0,364,605,481,470,0,267,1404,338,503,226,1358,372,250,857,238,26,256,309,177,1288,171,401,183,312,797,483,749,211,651,860,304,373,526,183,80,140,2131,267,87,446,23,531,33,761,90,0,0,0,155,150,0,83,101,113,29,70,90,56,145,246,104,289,354,757,106
hsa-miR-483-3p,0,0,45,17,24,14,0,0,0,71,0,0,0,28,0,0,50,21,68,0,79,0,0,9,35,130,40,139,0,0,0,300,1098,630,740,175,783,743,983,205,144,213,0,370,1323,499,185,0,121,105,79,71,114,132,0,0,65,60,107,0,0,86,116,0,211,195,54,52,0,88,21,0,0,18,33,0,1,50,0,0,137,125,242,161,138,310,225,6,40,0,237,195,342,0,158,313,14,209,45,0,0,0,112,22,50,0,100,362,0,53,0,94,32,90,127,12,0,69,0,0,0,0,0,0,0,0,79,0,0,38,232,59,0,22,42,21,81
hsa-miR-483-5p,907,429,4373,600,1248,4826,1045,148,213.5,2077,227,1373,2973,1921,301,167,1031,349,1415,481,8434,455,724,2622,231,641,178,395,67,76,80,839,1365,1684,978,1085,1165,1342,1275,828,1773,93,0,321,1610,370,1892,746,1449,1048,24,476,1041,877,547,115,411,2743,381,105,167,368,1082,399,825,895,59,383,97,423,248,0,188,477,420,326,96,212,276,287,458,779,2564,984,731,2470,1178,179,453,176,1653,4106,2733,489,1221,2744,417,389,378,310,151,320,641,321,689,300,198,50,345,1002,0,942,174,302,256,842,161,699,369,610,134,648,850,272,167,149,415,276,186,989,568,851,461,227,574,261,266
hsa-miR-484,213,63,330,586,140,1984,187,1253,79,472,117,291,452,252,91,148,865,727,303,370,227,79,163,207,7955,5709,2839,6268,4135,2385,130,11338,13321,50504,10525,17311,5255,12551,9894,11796,15100,4549,4928,6971,3715,34948,7008,1903,1440,706,1404,1610,1096,2243,19994,4484,12418,5247,2955,9978,3609,3334,3215,8757,5037,1405,676,3714,683,1601,1278,59,3193,2596,3736,2035,340,2522,9419,1522,4415,1129,25092,5422,5762,12295,9892,693,16426,6188,5941,17043,3117,18704,1398,5325,5596,4161,1066,1772,3401,8780,5502,2365,3528,4543,777,2819,28791,914,323,6698,24,9171,1138,12749,177,395,166,164,673,568,172,363,214,340,414,102,30,1166,587,426,587,5341,1658,5604,287
hsa-miR-485-3p,0,0,0,0,0,11,0,0,0,0,0,0,0,0,0,0,0,0,0,0,0,0,0,0,90,87,58,0,0,0,0,254,221,0,408,71,0,0,0,79,0,42,379,0,0,143,0,0,0,0,0,0,33,52,117,91,388,0,0,214,0,130,16,270,386,0,64,432,0,132,0,0,0,0,190,0,0,160,57,38,58,92,230,82,99,0,39,109,221,0,0,851,0,278,108,26,0,77,0,24,76,74,29,0,74,0,0,79,0,0,0,0,0,330,78,188,0,0,0,0,0,0,0,0,0,0,0,0,0,0,0,0,0,20,0,179,0
hsa-miR-485-5p,40,0,57,23,74,742,61,94,0,120,15,63,59,16,61,48,104,35,56,38,162,40,0,106,34,26,58,0,0,0,0,282,522,242,0,92,0,194,81,48,0,0,0,0,0,0,0,0,0,0,0,0,14,79,29,42,97,0,4,641,0,0,0,16,86,105,0,154,0,121,0,0,0,0,0,52,0,92,33,0,54,92,226,8,79,232,0,0,214,0,119,1187,289,285,220,160,13,84,0,73,30,148,0,0,93,6,0,70,0,0,0,6,0,73,0,81,0,0,0,0,0,0,0,0,0,0,0,0,0,0,0,0,0,0,0,0,0
hsa-miR-486-3p,4577.5,617.5,2979.5,3777,1476.5,9247,1995.5,13805,624.25,4724.5,1060.5,3537,7247,1562,1090,1399,7692,3764,4012,5496.5,2831.5,1205.5,1710,3889,2673.5,1573,726,2150.5,566,339,0,4028.5,5901.5,18363,4004,9257,6089,3133,2923,3662,6608,3836.5,3926,4920,4810.5,16655,2430.5,241,101,0,790,721,550,659.5,3608,2355.5,2542.5,1677.5,830,2240,893.5,1097,879.5,1668,1803,676,348,696,488,2071,113,358.5,702.5,1058,1205,1127.5,271,618.5,2419,700.5,1788.5,1287,6128.5,1019,1644,4622.5,2038.5,321.5,1450.5,1819,2625,5295.5,762.5,1940,750,2606,2616,1171,899,1661.5,2109,2855.5,2602.5,1827,1117,2196,515,1621,4561.5,0,0,1988,0,2708,1007,3683,0,0,0,0,168,0,0,31,0,56,44,88,0,107,0,0,0,2900.5,765,1948,96
hsa-miR-486-5p,1079372.5,116097.5,564980.5,576551.5,349040.5,1482574.5,421793.5,1615390.5,55847.5,923932.5,170801.5,794017.5,1031016,302405.5,200470.5,172108.5,920889,676829,662053,707485,521257.5,250897.5,320063.5,639342.5,941059.5,481488,223686.5,809442,150244,250305.5,112656.5,1353780.5,1702236.5,5150885,1972348,3550608.5,1375426,1893857,2108061.5,2321522,1565614.5,891668,1452002,2127291,1709175,3185164.5,647091,264829.5,178211.5,12477,221211.5,255729.5,370036,329358,1225145,851111.5,943011,701976.5,296739,644974.5,437886.5,405919,349884.5,546960,560663.5,204412,159759,395735.5,166602,332892,113961,84841.5,394047.5,339596.5,332545.5,322511.5,85470.5,292964.5,875323,258610,495992,355219,2812608.5,604615.5,774959,1563824,942873,139435,431213.5,660856.5,847276.5,2175115,409177.5,732896,238863,524449.5,804199,632391.5,381340,447500.5,584385,846833.5,550920.5,360477.5,411705,589229.5,129586.5,457716,1640927.5,108457.5,40144.5,616672.5,17220.5,955601.5,218473.5,1154942,27813,59533,24910,14102,85733,85502.5,17963,24076.5,55874,79712.5,55442,13726,25834.5,112173.5,59211,55242,57447,636295,216237.5,583459,68767
hsa-miR-497-5p,85,0,44,33,38,671,133,44,0,91,100,10,110,27,0,0,25,60,0,308,55,20,0,83,0,0,0,0,0,0,0,0,0,0,0,0,0,0,0,0,0,0,0,0,0,0,0,0,0,0,0,0,40,0,0,0,0,0,0,0,0,0,0,0,0,0,15,0,0,0,0,0,0,0,0,0,0,0,0,0,0,0,0,226,0,0,0,0,0,39,0,0,0,0,0,0,0,0,0,0,0,0,0,0,0,0,0,0,0,0,0,29,0,0,0,0,0,0,0,0,0,0,0,0,0,0,0,0,0,0,0,0,0,0,0,106,0
hsa-miR-499a-5p,27,79,269,77,149,819,43,59,0,1269,1,302,6892,283,63,0,147,223,89,54,55,36,66,184,0,24,0,0,0,0,79,0,0,0,342,165,603,0,0,0,97,24,0,228,320,1,0,0,0,0,0,0,0,0,0,45,0,0,0,24,0,48,0,0,28,62,0,0,56,0,0,0,63,129,0,18,0,0,0,40,0,148,93,86,0,0,0,0,0,0,0,157,0,0,0,161,83,0,0,84,0,37,0,0,0,62,0,0,76,0,0,0,0,0,0,26,0,0,0,0,0,0,0,0,0,0,0,0,0,0,0,0,0,5,0,0,0
hsa-miR-500a-3p,0,0,0,0,0,80,0,0,0,27,0,0,2,29,0,0,0,26,0,0,0,0,0,31,764,505,79,321,207,0,0,523,69,1839,509,849,100,197,28,702,0,337,247,516,800,1261,248,270,0,0,0,0,119,198,574,119,478,324,120,694,69,69,114,512,187,173,136,109,0,344,94,52,129,24,67,258,98,25,56,179,216,228,894,306,465,767,443,149,189,295,83,601,38,264,184,407,260,284,75,294,176,180,237,144,175,344,50,114,774,0,56,190,53,306,172,802,0,0,0,26,65,0,0,0,0,0,0,0,0,473,43,0,0,248,22,474,0
hsa-miR-501-3p,53,0,0,44,26,94,0,49,0,39,0,27,85,16,21,0,50,26,27,0,54,0,0,34,1119,433,39,603,186,0,52,786,868,2415,866,2030,393,822,935,1272,505,533,198,1497,574,1247,200,80,0,0,117,218,558,181,522,241,743,444,405,753,78,473,295,564,404,98,108,298,266,102,87,100,609,260,154,235,273,282,206,273,445,366,2195,274,1036,1008,805,109,1123,359,278,1232,284,752,462,1014,531,252,178,333,416,614,306,225,284,396,50,508,1963,57,85,415,27,288,131,1125,0,0,0,76,59,53,26,16,0,0,0,0,0,127,26,2,0,335,140,179,0
hsa-miR-5010-5p,1026,101,717,497,44,2099,267,1172,0,911,58,537,639,259,136,98,1336,738,1014,473,348,62,180,979,167,107,4,23,0,0,0,86,218,552,897,116,295,266,7,262,303,167,687,243,491,421,256,0,0,0,86,32,29,26,860,418,190,106,92,84,0,102,144,177,95,47,0,63,0,185,0,0,40,0,217,52,0,27,407,20,141,32,352,138,230,229,252,0,77,141,17,2,41,0,185,86,234,160,202,30,286,435,111,27,75,75,64,43,180,0,0,40,0,293,32,252,40,0,0,0,41,0,0,0,0,0,93,0,0,0,0,0,0,127,39,167,0
hsa-miR-502-3p,0,0,0,0,8,88,0,0,0,27,0,0,2,0,0,0,0,2,0,0,0,0,0,31,872,608,79,568,242,90,0,526,293,2438,509,927,112,341,447,701,0,576,247,951,800,1781,248,270,0,0,0,0,121,224,706,272,505,324,141,664,69,99,114,642,187,201,154,197,7,386,162,52,131,124,150,282,136,82,65,354,290,293,1110,314,561,1027,549,201,409,424,309,879,38,650,184,453,179,425,135,318,205,320,174,144,220,345,50,114,1052,0,56,306,80,364,181,858,0,0,0,26,65,0,0,0,0,0,0,0,0,473,247,0,0,463,7,474,87
hsa-miR-503-5p,221,0,263,186,124,512,137,133,76,764,191,293,525,140,118,143,209,154,550,211,91,70,114,233,411,200,125,222,49,0,0,504,463,1038,622,138,49,479,368,0,232,0,350,424,386,466,0,0,0,0,0,80,0,13,298,237,107,127,73,188,40,69,186,151,29,134,60,146,0,375,53,0,99,84,145,113,0,72,180,49,122,190,1506,195,217,971,249,0,252,182,514,98,95,63,143,68,504,39,51,96,293,72,99,59,148,182,116,247,584,0,0,236,0,313,29,616,43,0,38,0,23,5,0,0,0,0,0,0,0,0,0,0,0,236,0,176,0
hsa-miR-505-3p,28,0,27,0,34,78,35,29,0,49,0,28,5,55,0,0,0,59,0,0,0,0,0,0,281,253,99,318,76,0,0,244,0,944,0,440,112,315,1020,26,0,0,0,284,557,102,0,0,0,0,0,0,116,80,180,53,200,121,80,541,0,60,60,112,115,29,0,91,0,273,55,0,0,68,215,0,17,16,57,25,38,28,144,12,303,471,39,9,499,84,106,383,64,1378,0,409,119,345,0,93,0,133,0,8,131,235,0,0,542,0,0,135,0,99,37,467,163,0,0,0,40,1,0,0,0,0,0,0,0,0,0,0,90,9,42,87,0
hsa-miR-505-5p,1620,264,1649,1110,770,4492,932,1440,121.5,1944,363,1826,1745,576,488,176,1599,933,2026,921,842,464,645,1654,136,47,41,0,55,0,0,307,0,574,0,203,0,47,324,0,101,0,0,384,0,786,214,0,0,0,0,0,101,53,20,0,0,0,47,0,0,31,0,0,53,15,0,134,0,0,91,0,0,37,0,0,0,57,40,0,67,0,75,100,15,250,110,0,19,0,61,206,114,93,0,0,0,0,25,0,69,261,28,0,10,47,192,0,64,0,0,0,0,135,0,9,0,0,0,0,0,0,0,0,0,0,0,0,42,0,0,0,0,47,40,0,0
hsa-miR-532-3p,75,2,37,58,24,422,100,185,0,138,28,27,172,85,28,14,133,154,129,51,70,18,0,129,0,0,0,40,0,0,0,0,223,193,26,0,213,0,80,0,0,100,0,0,286,265,0,0,0,0,0,0,0,0,158,0,35,23,0,0,0,89,0,81,0,0,0,63,23,0,0,0,0,0,0,0,0,0,0,65,0,0,0,0,29,301,113,0,201,14,5,514,0,0,0,273,58,80,0,0,0,53,61,0,67,38,0,0,142,0,0,49,0,119,0,314,0,0,0,0,0,0,0,0,0,37,0,0,0,0,0,0,0,79,0,60,0
hsa-miR-532-5p,1937,97,705,1036,455,6442,813,1825,176.5,2277,200,1119,1366,674,194,391,2059,1229,837,911,857,553,723,1146,201,106,0,215,146,0,54,403,177,1438,523,521,167,717,996,0,0,75,607,239,405,1142,0,0,0,0,0,0,0,34,156,128,305,222,62,530,0,151,74,113,244,92,0,106,0,0,82,0,45,29,75,0,165,81,129,34,62,117,1103,49,123,795,120,82,670,78,48,423,115,387,26,188,222,0,0,91,200,18,133,129,101,72,31,91,479,0,0,169,0,334,111,686,0,0,0,0,0,38,0,0,0,0,0,0,0,0,64,0,0,318,148,209,0
hsa-miR-548ad-5p,55,0,54.6,4.4,0,133,39,96.8,0,67,16.2,77.8,43.6,55.8,0,15.4,31.8,30.2,21.8,25.4,15.6,0,0.4,24,68,9,0,16,32,0,0,0,0,41.2,33,0,24.2,0,0,41,0,0,0,0,127.2,0,203.2,0,0,0,0,0,0,13.2,22.6,0,33,0,0,48.2,0,0,25,6.4,0,0,0,3.6,48,0,0,0,9.2,6.8,0,0,0,21.2,70.6,1.6,0,63,201,0,10.4,1,14.8,9,61,11.2,0,77.4,0,133.4,0,0,28,21,45,10.8,0,27,46,0,3.8,6,0,0,58,0,0,6,0,0,0,0,0,0,0,0,0,0,0,0,0,0,0,0,0,0,0,0,0,0,14,0,0
hsa-miR-548ae-5p,55,0,54.6,4.4,0,133,39,96.8,0,67,16.2,77.8,43.6,55.8,0,15.4,31.8,30.2,21.8,25.4,15.6,0,0.4,24,68,9,0,16,32,0,0,0,0,41.2,33,0,24.2,0,0,41,0,0,0,0,127.2,0,203.2,0,0,0,0,0,0,13.2,22.6,0,33,0,0,48.2,0,0,25,6.4,0,0,0,3.6,48,0,0,0,9.2,6.8,0,0,0,21.2,70.6,1.6,0,63,201,0,10.4,1,14.8,9,61,11.2,0,77.4,0,133.4,0,0,28,21,45,10.8,0,27,46,0,3.8,6,0,0,58,0,0,6,0,0,0,0,0,0,0,0,0,0,0,0,0,0,0,0,0,0,0,0,0,0,14,0,0
hsa-miR-548am-5p,64,26,36,28,61,514,92,125,0,149,67.33333333,65,99,27,32,15,75,189,5,37,12,0,74,56,0,0,0,147,0,0,0,0,0,0,165,0,121,0,0,205,0,0,0,0,0,0,230,0,0,0,0,0,0,0,0,183,0,0,0,1,0,0,0,33,0,0,0,99,2,0,0,0,46,0,0,0,0,6,73,0,0,3,43,0,52,0,64,0,0,0,0,233,0,63,0,0,0,0,0,54,103,1,0,0,0,0,0,0,71,0,0,19,0,0,0,36,0,0,0,0,0,0,0,0,0,0,0,0,0,0,0,0,0,0,0,0,0
hsa-miR-548au-5p,57,19.5,27,28,53.5,403,81.5,106.75,0,123,61.5,55.75,91,20.25,24,15,75,161.25,4.75,27.75,9,0,55.5,56,0,0,0,130.25,0,0,0,0,0,0,165,0,121,0,0,205,0,0,0,0,0,0,230,0,0,0,0,0,0,0,0,183,0,0,0,1,0,0,0,33,0,0,0,74.25,2,0,0,0,46,0,0,0,0,6,54.75,0,0,3,43,0,52,0,64,0,0,0,0,233,0,63,0,0,0,0,0,54,77.25,1,0,0,0,0,0,0,71,0,0,14.25,0,0,0,27,0,0,0,0,0,0,0,0,0,0,0,0,0,0,0,0,0,0,0,0,0
hsa-miR-548ay-5p,55,0,57,0,0,156.6666667,39,114.6666667,0,66,27,78.33333333,47,71,0,10,53,34,21,42.33333333,26,0,0.666666667,24,68,9,0,0,32,0,0,0,0,41.33333333,0,0,0,0,0,0,0,0,0,0,212,0,1,0,0,0,0,0,0,22,19,0,33,0,0,48,0,0,25,0,0,0,0,0,48,0,0,0,0,0,0,0,0,20,64,0,0,63,201,0,0,1,2,9,101.6666667,0,0,0,0,179,0,0,28,21,45,0,0,27,46,0,0,6,0,0,25,0,0,0,0,0,0,0,0,0,0,0,0,0,0,0,0,0,0,0,0,0,0,0,0,0,14,0,0
hsa-miR-548c-5p,64,26,36,28,61,514,92,125,0,149,67.33333333,65,99,27,32,15,75,189,5,37,12,0,74,56,0,0,0,147,0,0,0,0,0,0,165,0,121,0,0,205,0,0,0,0,0,0,230,0,0,0,0,0,0,0,0,183,0,0,0,1,0,0,0,33,0,0,0,99,2,0,0,0,46,0,0,0,0,6,73,0,0,3,43,0,52,0,64,0,0,0,0,233,0,63,0,0,0,0,0,54,103,1,0,0,0,0,0,0,71,0,0,19,0,0,0,36,0,0,0,0,0,0,0,0,0,0,0,0,0,0,0,0,0,0,0,0,0
hsa-miR-548d-5p,55,0,51,0,0,173.5,39,130,0,76,27,86,47,71,0,10,53,34,21,53,39,0,1,24,68,9,0,0,32,0,0,0,0,41,0,0,0,0,0,0,0,0,0,0,212,0,1,0,0,0,0,0,0,22,19,0,33,0,0,48,0,0,25,0,0,0,0,0,48,0,0,0,0,0,0,0,0,20,64,0,0,63,201,0,0,1,2,9,113,0,0,0,0,179,0,0,28,21,45,0,0,27,46,0,0,6,0,0,25,0,0,0,0,0,0,0,0,0,0,0,0,0,0,0,0,0,0,0,0,0,0,0,0,0,14,0,0
hsa-miR-548o-5p,64,26,36,28,61,514,92,125,0,149,67.33333333,65,99,27,32,15,75,189,5,37,12,0,74,56,0,0,0,147,0,0,0,0,0,0,165,0,121,0,0,205,0,0,0,0,0,0,230,0,0,0,0,0,0,0,0,183,0,0,0,1,0,0,0,33,0,0,0,99,2,0,0,0,46,0,0,0,0,6,73,0,0,3,43,0,52,0,64,0,0,0,0,233,0,63,0,0,0,0,0,54,103,1,0,0,0,0,0,0,71,0,0,19,0,0,0,36,0,0,0,0,0,0,0,0,0,0,0,0,0,0,0,0,0,0,0,0,0
hsa-miR-548q,93,0,52,0,20,85,22,0,22.5,120,0,62,16,12,0,8,27,45,25,1,0,0,62,0,0,0,0,116,0,222,0,1,0,335,0,212,168,0,0,0,0,0,0,0,0,8,0,0,0,0,0,0,0,0,45,73,0,21,0,30,0,0,0,139,68,29,0,0,0,0,0,0,0,0,0,0,0,0,0,0,28,0,32,31,0,161,6,0,0,0,128,166,0,0,20,0,0,54,0,0,0,35,89,0,0,0,0,0,48,61,0,3,0,25,0,0,0,0,0,0,0,0,0,0,0,0,0,0,0,0,0,0,0,0,37,0,0
hsa-miR-550a-3-5p,283.6666667,25,116,42,161.6666667,1251.333333,136,506.6666667,0,439.3333333,96.66666667,236.3333333,248.3333333,66.33333333,0,76,398.6666667,203.6666667,117.6666667,100.6666667,173.6666667,77.66666667,167.6666667,258,12,20,92.66666667,49,24,0,0,70,100.6666667,539.3333333,31.33333333,494.3333333,274.6666667,0,469,222.6666667,374,56,157.6666667,56.33333333,164.6666667,56.66666667,113,0,0,0,0,0,0,69.33333333,71.33333333,80,176.3333333,67.66666667,30,34.66666667,0,0,125.3333333,54.66666667,83.33333333,9.333333333,0,0,0,21.33333333,0,0,0,138.6666667,5.333333333,0,4,0,4,30.66666667,65.33333333,74,278.6666667,0,0,180.6666667,0,0,13.66666667,30,0,81.33333333,0,49.33333333,10,0,87.33333333,30,102.3333333,98,38,31.33333333,124,24,23,61,0,179,0,0,0,56.66666667,0,50,30,202.3333333,0,0,0,0,0,0,0,0,0,0,0,0,0,0,0,0,0,69.33333333,54,0,0
hsa-miR-550a-5p,400,24,174,15,153,1655,190,736,0,543,120,335,294,84,0,82,379,276,137,73,180,63,239,310,18,20,93,49,36,0,0,105,151,750,47,707,412,0,703,334,374,56,78,84,247,85,113,0,0,0,0,0,0,83,34,120,173,82,45,52,0,0,137,58,125,14,0,0,0,0,0,0,0,176,8,0,6,0,6,46,98,79,352,0,0,260,0,0,10,28,0,74,0,74,10,0,131,45,137,116,38,47,161,36,23,66,0,179,0,0,0,85,0,75,45,283,0,0,0,0,0,0,0,0,0,0,0,0,0,0,0,0,0,104,81,0,0
hsa-miR-574-3p,139,28,290,57,0,300,24,65,0,86,0,111,170,41,0,11,144,63,118,40,20,68,0,81,125,217,72,68,34,0,0,654,1341,1073,505,1573,508,140,774,8,1000,299,466,822,408,1173,477,0,0,0,42,25,231,158,368,180,157,285,17,233,26,193,181,212,151,100,0,141,0,458,0,0,13,77,16,122,0,56,75,67,65,72,275,62,69,362,226,1,1051,271,368,456,1024,1137,209,848,116,79,0,82,90,112,131,0,39,0,0,23,145,0,0,341,0,128,72,222,35,5,0,51,26,47,0,0,0,0,0,26,0,62,83,0,0,126,74,67,0
hsa-miR-574-5p,3375,731,3821,3047,1964,16492,4169,2565,352.5,5415,517,5575,3381,3079,1744,305,2649,2852,4030,2685,4035,1175,1295,3440,37,144,74,81,118,0,0,100,411,668,370,1554,0,381,942,328,836,700,1,204,632,384,538,315,0,0,154,0,246,297,305,229,244,582,137,216,47,164,106,46,32,79,55,133,55,0,16,0,193,273,77,198,0,57,460,146,162,19,670,155,174,287,384,137,702,155,511,1227,329,175,390,342,0,83,169,133,183,131,224,314,116,206,0,243,656,0,0,228,0,627,46,1324,182,120,0,0,0,0,0,0,0,0,0,0,0,0,0,109,0,0,13,93,0
hsa-miR-576-5p,222,0,254,78,26,522,204,392,0,202,76,124,240,85,41,43,341,259,45,156,79,0,87,78,194,95,0,49,84,0,0,0,144,746,58,215,224,414,278,236,0,0,0,94,0,167,0,0,0,0,0,50,119,10,190,80,90,0,32,157,0,0,24,108,0,0,95,136,31,0,0,0,0,0,0,0,0,0,140,0,54,20,0,0,102,347,222,0,160,38,83,169,60,337,0,172,0,29,0,0,0,27,36,0,17,117,0,0,230,0,0,84,0,84,27,152,0,0,0,0,0,0,0,0,0,0,29,0,0,0,0,0,0,47,63,108,0
hsa-miR-584-5p,0,0,23,36,0,85,48,24,0,13,0,0,0,0,0,0,40,0,0,0,0,0,0,0,646,565,309,195,448,0,0,316,99,1381,87,600,224,166,0,267,82,14,96,549,0,574,186,0,0,0,97,0,93,370,814,105,775,537,103,4144,207,332,130,363,435,115,84,458,47,310,33,0,297,269,153,166,0,202,558,211,159,205,1202,579,338,427,290,76,6485,391,463,1080,311,2147,166,473,125,107,53,368,214,240,97,152,175,500,0,478,940,37,0,255,0,405,121,933,0,0,0,0,0,77,16,0,0,0,0,0,0,338,54,54,121,201,225,139,142
hsa-miR-589-5p,174,16,106,203,0,323,23,139,0,205,55,128,229,45,0,36,212,186,97,33,0,30,97,104,98,17,0,0,12,0,0,0,0,68,0,61,0,0,0,0,0,0,0,0,0,156,0,0,0,0,0,0,0,0,0,0,37,0,0,46,0,19,0,68,48,0,0,36,0,0,0,0,0,0,0,0,7,0,0,22,0,0,0,0,56,0,37,0,66,0,0,0,0,67,0,109,46,62,0,0,0,33,61,0,28,85,0,0,73,0,0,100,0,0,0,0,0,0,0,0,0,0,0,0,0,0,0,0,0,0,0,0,0,64,0,30,0
hsa-miR-590-3p,247,0,83,170,43,1221,92,439,16.5,243,27,128,168,106,0,83,567,269,125,32,39,19,101,247,0,0,0,0,0,0,0,0,0,26,0,0,168,0,0,0,0,0,0,0,0,0,0,0,0,0,0,0,0,0,0,0,0,0,0,36,0,0,0,0,0,0,0,0,0,0,0,0,0,0,0,0,0,66,0,0,0,0,0,0,0,0,0,0,0,35,0,0,0,162,0,0,0,0,0,0,0,0,0,0,11,61,0,0,0,0,0,0,0,0,0,0,0,0,0,0,0,0,0,0,0,0,0,0,10,0,0,0,0,0,0,80,0
hsa-miR-598-3p,304,29,225,158,109,959,129,149,0,382,105,131,208,136,15,70,429,213,149,173,42,101,78,94,0,53,36,0,0,0,0,0,0,134,0,0,212,0,0,0,313,0,188,0,0,43,0,0,0,0,0,0,0,0,0,0,0,0,0,189,0,0,0,0,0,2,0,56,0,0,0,0,0,65,0,0,0,0,0,0,0,97,0,0,0,0,0,16,85,0,0,0,0,17,0,0,0,0,0,0,0,0,0,0,0,0,0,0,0,0,0,0,0,66,0,1,0,0,0,0,0,0,0,0,0,0,0,0,0,0,0,0,0,2,0,0,0
hsa-miR-625-3p,0,0,72,15,0,41,18,24,0,15,0,58,0,0,0,0,53,18,0,0,0,0,0,0,346,187,290,27,147,0,116,1091,1407,2704,388,1282,261,957,2118,984,1124,158,1419,1013,68,2133,717,31,0,196,347,83,34,374,823,873,514,216,73,980,78,35,60,194,267,81,148,553,121,269,99,0,296,349,381,197,201,17,841,240,100,350,0,193,221,94,118,113,4866,284,560,1238,702,1899,109,697,367,205,160,104,142,495,199,57,186,474,115,55,1060,0,0,318,104,94,33,435,0,0,0,53,0,0,0,0,0,0,75,0,0,0,0,0,0,237,54,93,124
hsa-miR-625-5p,703,276,843,475,379,4404,589,1601,26,1274,271,1010,1217,497,365,258,2292,1199,1098,806,482,315,337,1035,0,0,0,1,0,0,0,0,298,35,0,0,0,0,0,514,0,0,23,0,0,0,0,0,0,0,0,0,0,0,0,0,44,0,0,54,0,0,0,0,0,0,0,0,0,0,0,0,43,0,0,0,0,0,0,0,0,0,0,0,0,0,0,0,134,0,0,0,0,0,0,0,0,0,0,0,0,0,0,0,0,0,0,0,21,0,0,0,0,0,0,0,0,0,0,0,0,0,0,0,0,0,0,0,0,0,0,0,0,0,0,0,0
hsa-miR-627-5p,40,0,43,57,17,384,44,135,0,59,89,143,79,37,0,36,132,101,29,0,26,115,40,101,0,0,0,0,20,0,0,63,0,0,204,0,0,0,0,0,0,0,0,0,0,87,0,0,0,0,0,0,0,44,0,0,47,0,0,0,0,0,0,0,0,0,0,0,0,0,0,0,0,0,0,0,0,0,0,0,0,0,180,0,0,0,26,0,19,0,0,0,0,0,0,0,0,0,0,0,0,0,0,0,0,0,0,0,76,0,0,0,0,0,0,76,0,0,0,0,0,0,0,0,0,0,0,0,0,0,0,0,0,0,0,0,0
hsa-miR-628-3p,1427,181,722,529,170,4384,470,1183,14.5,1079,114,1049,1204,357,149,168,1308,744,445,655,526,184,193,1011,103,32,0,0,74,0,0,232,36,568,0,19,50,429,0,0,180,0,0,276,101,51,0,0,0,0,41,0,0,27,14,332,130,0,11,423,42,95,87,0,164,54,3,61,37,1,28,0,0,151,0,65,0,0,109,43,0,0,70,104,0,514,13,82,219,147,0,0,0,327,0,527,126,0,0,36,0,50,119,0,17,20,0,29,254,0,0,18,0,0,0,157,0,0,0,0,0,0,0,0,0,67,0,0,0,65,0,0,0,45,19,0,0
hsa-miR-629-5p,4012,598,2312,3026,1079,11336,2938,4171,319.5,5121,880,3562,3482,1802,1649,614,4045,3201,2887,3644,2444,1276,1944,3133,662,291,215,618,510,473,0,218,1470,2352,857,1546,87,172,634,709,336,587,554,1293,706,1408,1065,0,0,168,316,99,427,197,949,341,959,573,222,1469,358,450,161,520,430,104,197,47,201,366,98,0,317,491,916,538,130,162,949,169,805,289,1689,199,556,518,599,163,772,293,397,1164,323,1167,107,236,430,221,171,386,499,622,543,247,411,358,76,273,815,440,143,514,51,191,329,1684,0,133,96,0,179,279,38,51,440,66,114,57,131,97,107,106,107,516,132,636,0
hsa-miR-642a-3p,70,42,86,0,30,509,3,26,0,20,0,134,184,0,0,0,33,65,31,0,137,0,33,162,0,0,0,0,47,0,0,0,239,0,0,0,0,0,0,0,0,61,0,0,0,0,0,0,0,0,0,0,0,11,35,0,0,0,2,0,0,0,5,43,0,0,0,107,0,0,0,0,0,0,18,0,0,0,0,0,0,21,0,0,0,0,0,5,0,0,0,0,1,258,144,0,0,0,0,70,0,0,14,0,0,28,0,0,0,147,0,1,0,0,0,0,0,0,0,0,0,0,0,0,0,0,0,0,0,0,0,0,0,9,15,52,0
hsa-miR-651-5p,48,0,37,51,59,536,117,238,0,161,93,0,57,55,0,0,98,365,36,86,17,65,39,0,85,12,0,181,106,294,0,294,442,77,12,0,0,0,0,353,0,54,0,0,84,0,0,0,0,0,0,0,0,14,16,2,93,0,0,0,0,0,33,0,0,66,0,0,8,0,0,0,0,20,0,0,0,13,0,31,34,0,0,54,5,228,13,0,0,7,5,0,33,36,0,57,0,58,0,101,74,0,0,154,100,2,0,0,0,0,97,0,0,0,17,0,0,0,0,0,0,0,0,38,0,0,0,0,0,0,0,0,0,0,25,63,0
hsa-miR-6511a-3p,29,24,20,19,0,62,0,1,16.5,0,0,38,24,0,0,0,91,15,0,21,0,0,0,0,96,0,0,119,0,0,0,290,295,1147,281,520,51,399,276,558,0,117,0,297,281,298,92,0,0,0,0,45,75,69,136,21,138,15,95,47,0,32,27,90,0,122,19,0,0,0,0,0,25,27,34,88,0,0,16,42,21,40,172,76,164,323,256,68,106,26,132,289,75,0,0,0,0,51,0,0,126,145,34,77,22,0,0,18,85,0,0,38,0,90,63,161,0,0,0,0,0,18,0,0,0,0,0,0,0,0,0,0,18,118,30,0,0
hsa-miR-652-3p,1070,142,804,573,180,12212,613,4525,19,1227,316,851,1442,662,247,433,1834,643,668,648,714,159,371,639,2927,1689,996,1553,690,394,127,5387,7201,16344,5199,5731,3081,2413,5534,4036,4246,2339,2745,3950,2974,12744,2158,492,816,0,663,124,803,401,2165,1003,2926,2261,853,3995,592,1288,725,2364,1677,403,91,896,380,1387,61,0,670,498,570,724,97,222,2021,294,872,508,4689,1287,2090,4503,1687,117,3768,1416,1449,5318,882,6200,905,2790,687,1393,443,1112,1010,2656,1299,1012,938,2484,554,1087,3027,279,0,1497,53,2050,920,5472,0,193,0,0,192,66,97,0,231,112,0,35,78,284,86,244,211,1515,418,1435,123
hsa-miR-660-5p,1976,270,894,1685,720,9177,1153,2221,183,3328,383,1726,2157,1455,300,714,2764,1525,1212,1861,1949,484,757,961,46,68,0,126,118,0,0,88,204,439,97,94,258,0,0,179,0,74,0,177,94,427,0,0,0,0,0,16,88,45,140,17,77,79,105,264,0,80,77,142,121,0,19,1,0,57,0,0,62,0,0,79,0,34,101,12,56,0,468,190,266,206,109,0,140,67,379,161,143,136,5,0,323,83,48,43,11,117,84,0,133,140,47,5,275,127,0,32,0,0,0,131,0,0,0,0,0,0,0,0,0,0,0,0,0,0,0,0,0,124,29,0,0
hsa-miR-664a-3p,0,0,0,37,0,73,0,26,0,31,0,0,21,0,0,0,0,0,0,0,0,0,0,0,0,61,42,0,0,5,0,132,145,278,62,101,0,371,540,85,65,0,0,270,0,226,0,100,0,0,0,0,0,0,132,0,20,0,55,46,41,38,0,23,25,0,0,85,0,158,0,0,0,0,0,31,0,0,0,0,41,31,348,43,108,0,0,0,229,33,49,0,100,93,0,90,22,0,0,73,21,32,115,56,15,120,46,107,68,0,0,6,0,0,1,0,0,0,0,0,0,0,0,0,0,0,0,0,0,0,0,0,0,0,0,0,0
hsa-miR-664a-5p,259,121,285,270,125,1121,204,313,0,264,39,102,557,43,17,32,502,284,228,220,301,108,158,235,79,82,43,0,104,0,0,317,57,269,167,57,0,197,40,0,529,0,0,0,275,147,0,0,0,0,0,0,63,3,15,70,109,24,0,141,0,36,20,119,0,0,0,0,0,124,18,0,120,0,26,0,0,112,175,64,12,83,251,16,112,168,59,0,346,34,0,230,0,498,11,28,73,114,0,0,0,56,0,0,0,51,22,41,150,0,0,62,0,59,116,135,0,0,0,0,0,0,0,0,0,0,0,0,0,68,0,0,0,66,21,33,67
hsa-miR-6734-5p,626,89,453,288,173,1328,261,397,46,391,31,501,348,32,67,19,431,216,457,190,173,76,172,408,54,56,60,99,0,0,0,0,328,312,0,0,0,0,0,504,354,434,0,0,271,305,68,293,0,0,0,0,0,47,105,0,0,123,0,36,88,0,2,23,22,0,91,83,0,0,0,0,50,0,0,14,0,0,84,44,43,91,410,0,0,0,78,0,0,1,0,0,0,0,1,29,0,47,37,0,52,38,0,0,41,0,38,46,0,0,0,54,0,83,3,44,0,0,0,0,0,11,0,0,0,0,0,0,0,0,0,0,0,0,14,127,32
hsa-miR-6735-5p,112,0,0,25,0,268,33,173,0,149,0,0,78,19,38,0,134,101,105,28,47,22,0,69,0,0,0,0,0,0,0,0,0,0,44,173,0,0,0,0,0,0,0,0,0,0,0,0,100,0,0,0,0,0,13,0,0,0,0,0,0,0,0,21,77,56,0,0,0,0,0,0,0,0,0,0,0,0,0,0,0,0,0,0,13,0,0,0,0,0,0,87,0,0,0,0,0,0,0,0,0,62,0,0,0,0,0,0,7,0,0,0,0,0,0,0,0,0,0,0,0,0,0,0,0,0,0,0,0,0,0,0,0,0,42,0,0
hsa-miR-6741-5p,29,0,61,132,63,45,0,21,0,38,0,68,37,47,0,0,57,57,0,0,47,29,25,48,0,0,0,0,0,0,0,0,166,211,243,65,0,0,0,0,0,0,0,0,0,0,0,0,0,0,0,0,0,23,20,0,0,0,0,57,0,0,0,0,0,0,0,0,0,0,0,0,0,0,0,0,0,0,38,0,0,0,0,0,0,0,38,61,0,0,0,0,0,0,0,17,0,0,0,0,0,50,0,0,0,59,0,0,193,0,0,0,0,0,0,90,0,0,0,0,0,0,0,0,0,0,0,0,0,0,0,0,0,38,0,0,0
hsa-miR-6780a-5p,122,0,31,2,0,172,85,203,0,66,0,18,150,18,36,4,17,129,80,74,0,40,98,103,7,0,0,0,0,0,0,0,263,62,0,0,0,0,0,88,0,0,0,0,0,0,0,0,0,0,0,0,0,0,0,0,0,0,0,0,0,0,0,9,0,0,26,0,0,0,0,0,0,0,0,69,0,0,0,19,83,0,0,0,0,0,0,0,0,0,0,0,0,39,0,0,65,0,0,0,0,0,0,0,0,0,0,0,0,0,0,10,0,25,0,24,0,0,0,0,0,0,0,0,0,0,0,0,0,0,0,0,0,0,0,94,0
hsa-miR-6803-3p,0,0,0,23,0,24,0,0,0,0,0,0,0,0,0,0,0,0,0,0,21,0,0,0,42,236,23,357,0,0,0,142,781,1855,1483,1225,1778,1267,367,754,1,1427,1709,1190,2256,1504,120,0,192,125,1,0,308,94,264,421,129,399,96,0,129,360,0,162,41,150,36,185,82,36,10,57,72,283,0,233,27,120,167,95,282,514,3369,278,240,828,152,359,42,137,669,648,115,0,81,128,0,202,0,63,131,48,16,194,36,0,167,143,128,0,0,165,0,234,310,901,0,0,0,0,84,0,0,0,0,0,0,0,34,0,0,0,39,134,0,154,0
hsa-miR-6815-5p,199,0,116,111,67,454,61,175,0,250,49,100,58,95,29,39,256,164,73,23,197,97,77,24,0,0,0,62,0,0,0,195,0,366,135,0,0,0,841,0,0,0,0,189,0,0,0,0,0,0,0,0,65,0,0,0,164,0,29,0,41,0,31,0,24,44,0,0,0,0,0,0,0,0,0,0,0,0,0,57,0,0,0,0,0,52,10,0,41,0,0,73,0,39,0,0,112,0,0,0,0,23,0,0,0,19,0,0,0,0,0,38,0,95,0,23,0,0,0,0,54,0,0,0,0,0,0,0,0,0,0,0,0,2,9,93,0
hsa-miR-7-5p,11385,2118,5536,6007.666667,3034,34218,6828,5782,717.6666667,11572.33333,3904,9639,10701.66667,4341,5577,2578,11248,13311,7616.333333,8839,4248.666667,2396,7714,8355,2095,1410,590,2138,427,0,124,1003,1965,7282,3514,3997,2319,2306.333333,1341.333333,3080,1124,1137,1499,3471.666667,2198,8600.666667,846,0,0,0,530,465,389,61,1452,1572,1565,998,870,830,882,511,878,1054,929,635,382,757,217,727,162,71,534,1345,807,542,0,565,1252.666667,304,1245,713,3323,768,751,4222,1239,273,608,1347,1383,2449,855,1226,1057,1910,2094,1400,601,1571,1081,2038.333333,1246,934,1188,1839,443,1202,2773,0,0,1515,46,1090,871,5171,65,0,64,13,0,216,0,0,0,64,80,0,0,0,0,0,126,2220,368,1395,151
hsa-miR-744-5p,2651,300,2884,1104,217,19473,1141,5969,80.5,2096,431,2513,2109,1053,431,168,2598,1050,1817,843,2117,435,607,1953,122,87,0,0,91,0,0,355,460,1136,372,963,669,540,678,282,0,0,0,124,0,196,0,1,0,0,19,0,140,64,40,0,233,0,18,202,118,0,103,57,118,14,13,119,53,0,0,0,29,0,156,0,0,0,53,53,31,0,0,219,80,0,194,27,778,44,99,241,0,692,153,0,162,71,0,112,0,172,68,14,24,130,0,103,238,0,0,83,0,21,37,260,0,0,0,0,0,0,0,0,0,0,0,38,0,0,0,0,0,139,0,0,148
hsa-miR-760,59,0,51,0,22,310,38,85,0,85,0,81,20,20,18,0,0,30,0,32,62,27,38,27,0,27,0,0,17,0,0,0,187,45,0,0,0,0,0,0,0,0,0,50,0,0,0,0,0,0,0,0,0,0,0,0,3,0,0,99,0,0,55,48,0,18,0,0,0,0,65,0,0,0,0,0,0,2,0,0,0,0,0,0,30,0,43,0,354,0,56,101,0,34,0,0,0,26,0,0,0,36,0,0,0,53,0,0,50,1,0,0,0,0,0,0,0,0,0,0,0,0,0,0,0,0,0,0,0,0,0,0,0,0,3,0,0
hsa-miR-769-5p,28,0,41,52,0,359,43,112,48,110,32,120,37,47,0,12,23,91,46,27,43,0,60,28,0,40,0,0,12,0,0,0,0,146,0,153,154,0,72,0,0,0,0,0,0,338,0,0,0,0,0,0,0,12,63,0,0,0,0,205,0,0,0,53,0,0,0,23,0,0,0,0,0,21,0,0,0,0,0,0,38,0,94,72,0,23,0,7,24,16,0,0,0,27,45,0,0,32,0,0,0,19,0,0,0,46,0,0,62,0,0,0,0,46,0,0,0,0,0,0,0,0,0,0,0,0,0,0,0,0,0,0,0,0,0,0,0
hsa-miR-7976,0,0,0,26,0,0,43,0,0,0,0,0,0,0,0,0,37,0,0,0,0,0,0,0,55,33,0,96,48,0,0,62,103,440,163,271,212,303,299,727,157,71,41,401,0,937,201,0,0,0,0,0,111,0,93,215,60,112,26,138,0,0,0,31,0,0,0,227,46,0,0,0,0,0,73,66,0,0,0,0,112,0,428,0,38,0,62,97,2,0,0,1,0,180,31,92,78,0,0,25,0,0,40,0,34,57,0,0,258,0,0,108,0,15,73,462,0,0,0,0,0,0,0,0,0,0,0,0,0,0,0,0,0,70,0,48,54
hsa-miR-877-5p,1957,255,1865,740,444,6158,411,2019,158.5,1466,152,1841,1295,301,536,137,1599,726,1933,975,1337,255,488,2063,8,92,0,0,58,13,0,159,712,853,161,368,0,424,278,507,626,235,294,110,386,225,116,204,103,0,0,101,79,75,223,0,497,174,73,476,33,38,48,139,90,0,26,23,0,133,47,0,121,53,278,35,0,43,126,51,221,108,189,0,127,367,162,26,393,82,57,272,593,0,0,111,70,161,0,36,195,138,65,62,26,99,81,0,276,0,0,137,0,167,28,401,0,419,0,32,89,189,0,0,0,29,50,0,0,0,49,0,0,223,45,75,0
hsa-miR-885-3p,142,8,260,22,116,200,12,0,0,242,0,81,162,210,32,0,0,0,47,0,238,12,0,173,0,0,0,0,0,0,0,0,0,0,80,0,0,210,149,0,204,180,0,0,0,229,167,0,0,0,0,114,0,0,0,0,0,0,38,0,0,0,0,0,35,49,0,0,0,186,0,0,0,68,0,0,0,0,0,0,117,0,0,0,0,0,195,0,66,0,204,0,95,0,0,27,0,1,0,0,0,33,0,0,0,0,7,0,113,0,0,58,0,0,0,81,0,0,0,0,0,0,0,0,0,0,0,0,0,0,0,0,0,0,0,0,50
hsa-miR-885-5p,0,26,59,14,19,8,0,0,0,30,0,0,47,7,0,0,0,0,0,0,51,0,0,69,75,512,247,530,0,0,228,4030,2893,1688,2878,2029,1030,1682,4870,944,3934,1078,940,2069,2436,3412,1774,227,306,0,48,255,2286,1546,301,332,382,1178,517,0,113,508,41,329,198,1724,61,262,15,195,277,0,31,449,120,69,170,76,82,137,1065,243,2757,694,655,1953,2853,319,125,161,2130,2209,1191,0,986,5470,323,315,224,116,0,220,345,160,376,31,323,90,294,152,0,728,0,174,62,662,55,0,0,0,1,18,0,47,0,0,54,0,3,249,116,429,0,68,147,147,0
hsa-miR-92a-3p,10292,2750,5484,16520.5,5643,23516.5,7261,33363,920.5,15636,3070,8407.5,10904,6898.5,3816,2932,17852,10753,5695,12505,4885,4250,3562.5,5431.5,407514,294511.5,95074,264908,41167,16434,25998.5,366501.5,651097.5,1513181.5,533808,768930.5,341634.5,653860,511907,528213.5,385010,223616.5,355536.5,610679,368196,1097094.5,181614.5,28799,27577.5,1526,71941.5,77356,126662,99892,397794.5,271613,301530,212681,182509,173237.5,132782.5,153005,117058.5,324914.5,180813.5,89060.5,60403,125477.5,47116,109824,37714,24626,102984,122978.5,98254,106865,44855,100525.5,304086,80981,238395,120858.5,918026.5,228779,245024.5,563942,293997.5,47338.5,148048.5,168980.5,259274,578214.5,120079,200010,82344.5,213871,213720,175804,96570.5,126208,184187.5,320667.5,152502,119325.5,133688,159834.5,48585,147120,469297.5,10727,2332,186195,4024,277654.5,68892,441946.5,5865,3466,3353,3242,35797,33114.5,4455,3896,5517.5,8273,11384,1384,7068,15173,8123,12878,5514.5,172267.5,109675.5,178955,23090
hsa-miR-92b-3p,258,86,285,262,174,565,217,733,17,362,118,393,541,224,127,34,258,331,155,469,245,119,46,184,946,896,328,531,48,8,5,891,1924,3699,2402,1575,470,817,1980,1828,124,174,1163,1072,594,3436,132,3,279,1,161,19,121,251,973,606,835,168,417,307,216,930,88,687,676,251,104,331,64,156,127,9,415,419,317,205,99,390,1077,165,775,352,2588,721,427,1040,715,52,719,87,1159,2788,201,604,85,776,871,785,234,179,371,886,463,384,217,658,233,287,1801,3,0,363,2,583,123,1088,2,3,0,0,74,173,2,2,3,28,73,3,14,88,0,4,47,396,182,888,7
hsa-miR-92b-5p,182,77,190,191,117,516,81,252,17,80,73,206,271,15,33,46,408,175,235,114,62,120,27,244,16,73,0,0,0,0,16,0,88,422,0,27,173,505,84,246,197,73,241,190,0,108,0,0,482,0,0,0,0,0,129,0,56,0,0,0,0,84,0,66,0,0,0,0,34,0,0,0,67,1,0,0,0,66,29,0,61,72,336,125,47,189,0,0,0,6,103,941,90,0,0,0,0,0,0,0,94,89,0,49,53,23,0,0,0,0,0,27,0,4,0,121,0,0,0,0,36,54,0,0,0,0,0,0,0,0,0,0,0,51,0,0,22
hsa-miR-93-3p,48,1,37,13,0,537,0,379,34.5,215,16,125,129,48,44,13,83,94,16,45,43,0,0,34,63,77,0,129,38,0,0,571,372,656,168,304,0,231,814,0,0,552,297,0,312,873,115,0,0,0,0,0,0,0,0,0,120,0,10,231,0,0,45,61,47,0,0,56,0,0,0,0,0,1,25,21,16,143,0,10,41,0,17,96,24,104,284,0,385,61,0,353,0,202,40,90,63,53,0,0,98,101,158,0,15,42,0,0,86,0,0,69,0,211,0,91,0,0,0,0,0,0,0,0,0,0,0,0,0,0,0,0,0,14,0,117,0
hsa-miR-93-5p,164009,23972,93560,75337,29782,750021,57858,205726,11783,229227,40450,138464,148845,51465,27710,43094,241535,145344,123536,109595,85136,35238,65834,121189,4158,5393,1209,4183,2222,79,692,6750,11193,35254,5983,12425,4854,6020,7579,7882,5229,2920,4145,8936,4024,14191,3329,0,0,0,960,816,932,939,3246,3141,3768,2525,2544,7462,2130,1176,1232,5050,3420,618,658,858,544,1367,354,418,1553,1783,1280,2046,470,1741,3501,1163,4159,1305,8358,1537,2535,4308,2529,682,3773,1931,3303,8486,1014,5677,1518,2148,4200,2751,1660,2185,3610,5345,3586,2423,2979,3731,987,2098,8929,0,0,2521,26,3276,703,7746,53,0,186,13,56,215,70,0,47,0,0,24,1,0,136,0,0,3248,1760,2530,599
hsa-miR-941,122,29,120,285,106,1340,68,597,0,377,54,290,284,118,28,57,422,74,92,132,257,50,0,122,206,98,12,84,77,0,0,63,146,435,0,593,53,79,0,0,0,75,95,329,292,318,0,0,0,0,139,0,19,0,241,0,62,99,55,86,100,0,57,45,51,0,0,60,14,9,0,0,58,60,0,0,0,0,104,37,37,69,933,59,29,39,202,29,315,57,200,161,27,450,0,216,0,48,71,45,65,0,67,92,13,133,0,0,0,0,0,108,0,62,26,461,0,0,0,0,0,0,0,0,0,0,0,0,0,0,0,0,0,113,89,0,0
hsa-miR-942-5p,114,76,194,419,285,722,253,272,0,429,20,202,165,158,184,104,482,318,187,119,105,145,98,128,446,285,66,132,111,0,0,400,736,1299,16,53,683,204,0,241,682,44,88,652,356,714,262,0,0,0,0,25,66,43,186,106,116,0,54,105,34,132,48,310,129,22,29,131,119,75,0,0,9,54,77,64,74,53,234,138,27,0,135,238,54,525,280,7,246,142,0,554,105,774,50,231,343,194,72,257,265,115,187,121,82,290,82,80,466,0,0,265,0,33,150,420,0,0,0,0,0,0,0,0,0,0,13,0,0,0,0,0,0,154,5,91,0
hsa-miR-95-3p,117,35,654,82,54,1412,263,153,0,334,39,227,3171,357,89,60,340,217,353,273,310,59,35,128,68,7,48,0,38,0,0,0,0,277,0,130,0,221,0,0,81,107,0,0,0,3,0,0,58,0,30,0,83,31,0,0,12,0,0,90,0,54,0,28,0,37,0,0,0,0,0,0,7,0,0,0,0,0,0,0,0,39,207,0,239,84,130,36,161,0,115,0,54,0,100,125,90,75,0,43,2,31,0,0,0,0,0,0,0,0,0,0,0,77,0,96,0,0,0,17,0,0,0,0,0,0,0,19,18,0,0,0,0,8,34,217,67
hsa-miR-96-5p,0,0,26,0,0,158,0,79,34.5,81,0,23,12,37,0,0,68,0,0,32,0,0,0,0,25,45,0,93,8,0,0,0,305,322,26,0,0,501,0,0,42,0,0,0,0,513,0,0,0,0,0,0,185,17,0,168,106,34,20,158,0,86,130,127,0,88,0,72,0,108,69,0,0,71,25,53,0,3,21,0,9,0,556,38,123,160,126,29,55,43,48,385,0,112,0,84,63,0,0,0,148,64,47,92,69,36,0,0,265,0,0,38,0,71,45,229,0,0,0,0,42,0,0,0,0,0,0,0,0,0,0,0,0,23,0,0,0
hsa-miR-98-5p,27232,2846,27357,14750,7801,129329,14144,25288,1332.5,35583,3512,27864,24020,10611,7811,5133,35267,23054,23127,18574,17140,6809,11186,30341,1676,1638,1115,1534,714,0,275,2796,5642,11201,3433,4787,2514,3533,3615,3193,3898,993,2337,3937,6684,7360,1635,632,2,1,668,467,1114,942,1306,1558,2432,707,618,4127,315,731,717,1337,1795,607,166,910,440,458,3,159,1160,350,988,1019,321,541,2009,503,1021,489,2738,691,1176,3365,777,165,2654,1005,1445,3769,337,3426,1174,1210,997,878,732,1365,2691,2830,1979,2024,1210,2015,598,1290,4744,372,1,1556,32,2981,584,5826,181,79,0,0,0,120,4,0,86,0,21,25,1,1,63,195,2,1972,355,2133,272
hsa-miR-99a-5p,83,0,39,42,1,504,44,202,0,82,0,69,107,62,64,13,29,25,28,151,67,52,27,72,474,550,165,751,325,98,0,1882,1363,2821,3025,2109,227,443,1707,1760,856,211,315,590,1809,2946,2160,136,305,493,462,57,1501,748,701,182,499,561,279,538,66,396,190,526,446,732,52,387,299,278,355,45,92,325,212,188,75,119,289,109,522,311,1119,571,766,2593,1118,205,1322,245,610,1843,673,488,759,3651,196,505,257,331,90,386,356,319,484,329,316,130,1405,123,52,1063,49,454,653,2103,0,589,32,180,118,188,18,87,1,61,36,7,96,150,210,182,166,172,211,578,98
hsa-miR-99b-5p,516,75,381,513,335,2316,386,730,43,560,85,569,887,265,55,46,516,318,355,575,403,299,74,189,1291,1052,674,406,360,261,0,1587,2426,3272,1849,3885,623,1072,1592,1121,1740,248,1523,1156,968,2186,1775,1206,918,53,614,205,1253,691,1045,385,990,795,525,1830,137,350,361,600,1247,281,208,948,92,1203,121,240,183,551,606,351,142,54,1114,145,155,388,1760,673,646,1754,915,340,3716,478,820,1949,872,4874,410,1239,703,597,312,502,296,1095,709,401,765,967,995,499,998,1006,303,680,342,889,351,3316,500,406,461,39,135,24,154,151,109,0,0,177,153,314,1204,468,478,443,326,1520,278
